lookback,source,report_date,signal_date,name,code,target_ret20_pct,predicted_ret20_pct,error,abs_error,squared_error
20,doc_rows,2026-06-26,2026-06-25,日经225,513520.SH,22.4,18.024578971324523,-4.3754210286754756,4.3754210286754756,19.144309178175558
20,doc_rows,2026-06-26,2026-06-25,科创50,588000.SH,14.9,13.971742543171107,-0.9282574568288933,0.9282574568288933,0.8616619061584446
20,doc_rows,2026-06-26,2026-06-25,创业板50,159949.SZ,10.6,7.798165137614688,-2.801834862385312,2.801834862385312,7.85027859607772
20,doc_rows,2026-06-26,2026-06-25,纳指,513100.SH,4.6,-0.6747638326585537,-5.274763832658554,5.274763832658554,27.823133490322757
20,doc_rows,2026-06-26,2026-06-25,中证A500,159338.SZ,3.7,3.369065849923425,-0.33093415007657523,0.33093415007657523,0.10951741168690522
20,doc_rows,2026-06-26,2026-06-25,印度,164824.SZ,3.1,2.255054432348369,-0.8449455676516311,0.8449455676516311,0.7139330122941371
20,doc_rows,2026-06-26,2026-06-25,中证2000,563300.SH,-0.3,1.9595448798988668,2.2595448798988667,2.2595448798988667,5.1055430642771835
20,doc_rows,2026-06-26,2026-06-25,沙特,520830.SH,-0.5,-0.551876379690952,-0.051876379690952046,0.051876379690952046,0.002691158769839822
20,doc_rows,2026-06-26,2026-06-25,可转债,511380.SH,-1.8,-0.8280982295830963,0.9719017704169037,0.9719017704169037,0.9445930513395119
20,doc_rows,2026-06-26,2026-06-25,德国,513030.SH,-2.5,-4.480874316939898,-1.9808743169398983,1.9808743169398983,3.923863059512109
20,doc_rows,2026-06-26,2026-06-25,豆粕,159985.SZ,-4.2,-3.4332688588007754,0.7667311411992248,0.7667311411992248,0.5878766428846656
20,doc_rows,2026-06-26,2026-06-25,红利低波,512890.SH,-6.2,-5.5652173913043335,0.6347826086956667,0.6347826086956667,0.40294896030247596
20,doc_rows,2026-06-26,2026-06-25,华宝油气,162411.SZ,-11.6,-7.995365005793742,3.6046349942062577,3.6046349942062577,12.993393441456346
20,doc_rows,2026-06-26,2026-06-25,黄金,518880.SH,-12.1,-11.321562332798285,0.7784376672017146,0.7784376672017146,0.6059652017184474
20,doc_rows,2026-06-26,2026-06-25,中概互联网,513050.SH,-16.0,-13.676731793960917,2.3232682060390832,2.3232682060390832,5.39757515719206
20,doc_rows,2026-06-23,2026-06-22,日经225,513520.SH,23.5,22.232645403377106,-1.2673545966228943,1.2673545966228943,1.606187673581179
20,doc_rows,2026-06-23,2026-06-22,创业板50,159949.SZ,11.5,11.392405063291156,-0.10759493670884446,0.10759493670884446,0.011576670405380244
20,doc_rows,2026-06-23,2026-06-22,科创50,588000.SH,10.3,8.956014838367787,-1.3439851616322134,1.3439851616322134,1.8062961146875667
20,doc_rows,2026-06-23,2026-06-22,纳指,513100.SH,7.8,4.846225535880722,-2.9537744641192782,2.9537744641192782,8.724783584883129
20,doc_rows,2026-06-23,2026-06-22,中证A500,159338.SZ,3.7,4.39814814814814,0.6981481481481397,0.6981481481481397,0.4874108367626769
20,doc_rows,2026-06-23,2026-06-22,印度,164824.SZ,1.8,1.8039215686274535,0.003921568627453409,0.003921568627453409,1.5378700499826813e-05
20,doc_rows,2026-06-23,2026-06-22,中证2000,563300.SH,0.3,0.36832412523020164,0.06832412523020165,0.06832412523020165,0.004668186088472278
20,doc_rows,2026-06-23,2026-06-22,德国,513030.SH,-0.2,-0.8898776418242549,-0.6898776418242549,0.6898776418242549,0.475931160688995
20,doc_rows,2026-06-23,2026-06-22,沙特,520830.SH,-0.5,-0.44004400440044167,0.05995599559955833,0.05995599559955833,0.003594721408334258
20,doc_rows,2026-06-23,2026-06-22,可转债,511380.SH,-1.4,-0.6651100261798604,0.7348899738201395,0.7348899738201395,0.5400632736213654
20,doc_rows,2026-06-23,2026-06-22,红利低波,512890.SH,-4.4,-3.5497835497835473,0.8502164502164531,0.8502164502164531,0.7228680122186665
20,doc_rows,2026-06-23,2026-06-22,豆粕,159985.SZ,-5.7,-4.558541266794625,1.1414587332053756,1.1414587332053756,1.302928039610821
20,doc_rows,2026-06-23,2026-06-22,黄金,518880.SH,-8.9,-7.874431878236987,1.0255681217630137,1.0255681217630137,1.0517899723765156
20,doc_rows,2026-06-23,2026-06-22,华宝油气,162411.SZ,-11.5,-11.504424778761058,-0.004424778761057624,0.004424778761057624,1.9578667084306642e-05
20,doc_rows,2026-06-23,2026-06-22,中概互联网,513050.SH,-13.0,-10.831889081455802,2.1681109185441976,2.1681109185441976,4.700704955110564
20,doc_rows,2026-06-22,2026-06-18,日经225,513520.SH,19.7,22.00772200772201,2.3077220077220097,2.3077220077220097,5.325580864924504
20,doc_rows,2026-06-22,2026-06-18,科创50,588000.SH,9.3,8.440860215053746,-0.8591397849462545,0.8591397849462545,0.7381211700774964
20,doc_rows,2026-06-22,2026-06-18,创业板50,159949.SZ,8.9,11.847826086956514,2.947826086956514,2.947826086956514,8.689678638941354
20,doc_rows,2026-06-22,2026-06-18,纳指,513100.SH,8.7,7.750832144555386,-0.949167855444613,0.949167855444613,0.9009196178093258
20,doc_rows,2026-06-22,2026-06-18,印度,164824.SZ,3.2,3.5405192761605253,0.34051927616052513,0.34051927616052513,0.11595337743688798
20,doc_rows,2026-06-22,2026-06-18,中证A500,159338.SZ,1.3,3.2786885245901676,1.9786885245901675,1.9786885245901675,3.915208277344814
20,doc_rows,2026-06-22,2026-06-18,德国,513030.SH,-0.0,0.11223344556678949,0.11223344556678949,0.11223344556678949,0.0125963463037935
20,doc_rows,2026-06-22,2026-06-18,沙特,520830.SH,-0.3,0.0,0.3,0.3,0.09
20,doc_rows,2026-06-22,2026-06-18,中证2000,563300.SH,-0.6,2.4636765634870494,3.0636765634870495,3.0636765634870495,9.386114085659818
20,doc_rows,2026-06-22,2026-06-18,可转债,511380.SH,-1.4,-0.27647809442790106,1.1235219055720989,1.1235219055720989,1.2623014723003603
20,doc_rows,2026-06-22,2026-06-18,红利低波,512890.SH,-4.6,-3.9621016365202433,0.6378983634797564,0.6378983634797564,0.4069143221301514
20,doc_rows,2026-06-22,2026-06-18,豆粕,159985.SZ,-5.5,-3.9309683604985546,1.5690316395014454,1.5690316395014454,2.4618602857565937
20,doc_rows,2026-06-22,2026-06-18,黄金,518880.SH,-7.3,-5.735449735449738,1.5645502645502622,1.5645502645502622,2.4478175303042957
20,doc_rows,2026-06-22,2026-06-18,华宝油气,162411.SZ,-10.3,-11.6304347826087,-1.3304347826087,1.3304347826087,1.7700567107750587
20,doc_rows,2026-06-22,2026-06-18,中概互联网,513050.SH,-13.4,-10.425716768027815,2.9742832319721852,2.9742832319721852,8.846360743990909
20,doc_rows,2026-06-18,2026-06-17,日经225,513520.SH,16.5,20.894788593903655,4.394788593903655,4.394788593903655,19.314166785105666
20,doc_rows,2026-06-18,2026-06-17,纳指,513100.SH,9.4,10.73858114674442,1.3385811467444189,1.3385811467444189,1.7917994864196034
20,doc_rows,2026-06-18,2026-06-17,创业板50,159949.SZ,6.9,6.794055201698512,-0.10594479830148806,0.10594479830148806,0.011224300287142988
20,doc_rows,2026-06-18,2026-06-17,科创50,588000.SH,6.0,0.4142931123770177,-5.585706887622982,5.585706887622982,31.200121434438824
20,doc_rows,2026-06-18,2026-06-17,印度,164824.SZ,2.6,4.538216560509545,1.9382165605095447,1.9382165605095447,3.7566834354334495
20,doc_rows,2026-06-18,2026-06-17,中证A500,159338.SZ,0.6,0.9216589861751112,0.32165898617511124,0.32165898617511124,0.10346450338720041
20,doc_rows,2026-06-18,2026-06-17,德国,513030.SH,-0.0,1.1312217194570096,1.1312217194570096,1.1312217194570096,1.2796625785712732
20,doc_rows,2026-06-18,2026-06-17,沙特,520830.SH,-0.1,-0.4410143329658167,-0.34101433296581674,0.34101433296581674,0.11629077528812093
20,doc_rows,2026-06-18,2026-06-17,可转债,511380.SH,-1.0,-0.8196147110332785,0.18038528896672146,0.18038528896672146,0.0325388524756076
20,doc_rows,2026-06-18,2026-06-17,中证2000,563300.SH,-1.4,-1.8281535648994485,-0.42815356489944856,0.42815356489944856,0.1833154751361063
20,doc_rows,2026-06-18,2026-06-17,红利低波,512890.SH,-2.6,-2.0618556701030966,0.5381443298969035,0.5381443298969035,0.2895993198001873
20,doc_rows,2026-06-18,2026-06-17,豆粕,159985.SZ,-4.6,-3.566333808844513,1.0336661911554867,1.0336661911554867,1.0684657947378913
20,doc_rows,2026-06-18,2026-06-17,黄金,518880.SH,-7.2,-4.377068431728414,2.822931568271586,2.822931568271586,7.9689426391442755
20,doc_rows,2026-06-18,2026-06-17,华宝油气,162411.SZ,-9.6,-12.913553895410901,-3.3135538954109016,3.3135538954109016,10.979639417792761
20,doc_rows,2026-06-18,2026-06-17,中概互联网,513050.SH,-11.9,-11.036225779275489,0.8637742207245118,0.8637742207245118,0.7461059043882377
20,doc_rows,2026-06-17,2026-06-16,日经225,513520.SH,15.7,19.86334797462177,4.163347974621772,4.163347974621772,17.33346635778721
20,doc_rows,2026-06-17,2026-06-16,纳指,513100.SH,9.2,11.382510991695138,2.182510991695139,2.182510991695139,4.763354228870099
20,doc_rows,2026-06-17,2026-06-16,创业板50,159949.SZ,5.5,5.863539445629007,0.36353944562900686,0.36353944562900686,0.13216092852824562
20,doc_rows,2026-06-17,2026-06-16,印度,164824.SZ,2.1,3.2283464566928988,1.1283464566928987,1.1283464566928987,1.2731657263314196
20,doc_rows,2026-06-17,2026-06-16,科创50,588000.SH,2.0,-0.85515766969535,-2.85515766969535,2.85515766969535,8.151925318820181
20,doc_rows,2026-06-17,2026-06-16,沙特,520830.SH,-0.2,-0.11037527593819041,0.0896247240618096,0.0896247240618096,0.008032591163155514
20,doc_rows,2026-06-17,2026-06-16,德国,513030.SH,-0.6,1.1318619128466434,1.7318619128466435,1.7318619128466435,2.999345685168835
20,doc_rows,2026-06-17,2026-06-16,可转债,511380.SH,-0.9,-0.919796529858552,-0.01979652985855196,0.01979652985855196,0.00039190259444053923
20,doc_rows,2026-06-17,2026-06-16,中证A500,159338.SZ,-1.0,-0.15396458814472824,0.8460354118552718,0.8460354118552718,0.7157759181131194
20,doc_rows,2026-06-17,2026-06-16,中证2000,563300.SH,-1.9,-2.192448233861133,-0.29244823386113294,0.29244823386113294,0.0855259694884959
20,doc_rows,2026-06-17,2026-06-16,红利低波,512890.SH,-2.3,-2.0530367835757124,0.24696321642428742,0.24696321642428742,0.06099083026662943
20,doc_rows,2026-06-17,2026-06-16,豆粕,159985.SZ,-5.4,-5.04241281809612,0.35758718190388006,0.35758718190388006,0.1278685926619586
20,doc_rows,2026-06-17,2026-06-16,黄金,518880.SH,-7.7,-5.9485023646873465,1.7514976353126537,1.7514976353126537,3.0677439665058177
20,doc_rows,2026-06-17,2026-06-16,华宝油气,162411.SZ,-8.0,-10.583153347732189,-2.583153347732189,2.583153347732189,6.672681217900016
20,doc_rows,2026-06-17,2026-06-16,中概互联网,513050.SH,-12.2,-11.519198664440722,0.680801335559277,0.680801335559277,0.4634904584992953
20,doc_rows,2026-06-16,2026-06-15,日经225,513520.SH,13.9,19.114785992217897,5.214785992217896,5.214785992217896,27.19399294463199
20,doc_rows,2026-06-16,2026-06-15,纳指,513100.SH,8.4,9.293320425943863,0.8933204259438625,0.8933204259438625,0.7980213834085239
20,doc_rows,2026-06-16,2026-06-15,创业板50,159949.SZ,4.4,3.7095919448860704,-0.69040805511393,0.69040805511393,0.4766632825661994
20,doc_rows,2026-06-16,2026-06-15,科创50,588000.SH,2.4,2.273987798114252,-0.1260122018857479,0.1260122018857479,0.01587907502409449
20,doc_rows,2026-06-16,2026-06-15,印度,164824.SZ,0.5,2.5336500395882755,2.0336500395882755,2.0336500395882755,4.135732483517394
20,doc_rows,2026-06-16,2026-06-15,德国,513030.SH,0.2,4.629629629629628,4.429629629629628,4.429629629629628,19.621618655692714
20,doc_rows,2026-06-16,2026-06-15,沙特,520830.SH,0.1,0.6637168141592875,0.5637168141592875,0.5637168141592875,0.3177766465658967
20,doc_rows,2026-06-16,2026-06-15,红利低波,512890.SH,-1.1,0.08620689655174374,1.1862068965517438,1.1862068965517438,1.4070868014269196
20,doc_rows,2026-06-16,2026-06-15,中证A500,159338.SZ,-1.2,0.31007751937983663,1.5100775193798366,1.5100775193798366,2.2803341145363607
20,doc_rows,2026-06-16,2026-06-15,可转债,511380.SH,-1.4,0.354308390022684,1.754308390022684,1.754308390022684,3.077597927303981
20,doc_rows,2026-06-16,2026-06-15,中证2000,563300.SH,-3.0,-2.64452644526445,0.35547355473554987,0.35547355473554987,0.12636144811632796
20,doc_rows,2026-06-16,2026-06-15,豆粕,159985.SZ,-5.6,-3.585086042065022,2.0149139579349775,2.0149139579349775,4.059878257881197
20,doc_rows,2026-06-16,2026-06-15,华宝油气,162411.SZ,-6.2,-9.344790547798077,-3.1447905477980767,3.1447905477980767,9.889707589520127
20,doc_rows,2026-06-16,2026-06-15,黄金,518880.SH,-8.3,-6.1494796594134264,2.1505203405865743,2.1505203405865743,4.624737735276596
20,doc_rows,2026-06-16,2026-06-15,中概互联网,513050.SH,-10.1,-7.888040712468191,2.2119592875318084,2.2119592875318084,4.892763889698226
20,doc_rows,2026-06-15,2026-06-12,日经225,513520.SH,8.0,9.928057553956826,1.928057553956826,1.928057553956826,3.717405931369979
20,doc_rows,2026-06-15,2026-06-12,纳指,513100.SH,3.8,2.9523809523809508,-0.847619047619049,0.847619047619049,0.7184580498866238
20,doc_rows,2026-06-15,2026-06-12,红利低波,512890.SH,-0.3,0.42844901456726703,0.7284490145672671,0.7284490145672671,0.5306379668240224
20,doc_rows,2026-06-15,2026-06-12,创业板50,159949.SZ,-0.4,-1.9556025369978802,-1.5556025369978803,1.5556025369978803,2.4198992531142416
20,doc_rows,2026-06-15,2026-06-12,沙特,520830.SH,-0.5,0.33149171270718814,0.8314917127071881,0.8314917127071881,0.6913784683007331
20,doc_rows,2026-06-15,2026-06-12,科创50,588000.SH,-1.3,-1.7347509792949078,-0.4347509792949078,0.4347509792949078,0.18900841399788135
20,doc_rows,2026-06-15,2026-06-12,印度,164824.SZ,-2.4,-1.098039215686275,1.3019607843137249,1.3019607843137249,1.6951018838908096
20,doc_rows,2026-06-15,2026-06-12,德国,513030.SH,-2.9,-1.1824324324324342,1.7175675675675657,1.7175675675675657,2.950038349159964
20,doc_rows,2026-06-15,2026-06-12,可转债,511380.SH,-3.0,-1.3526912181303086,1.6473087818696914,1.6473087818696914,2.7136262228250065
20,doc_rows,2026-06-15,2026-06-12,中证A500,159338.SZ,-3.3,-2.393822393822387,0.906177606177613,0.906177606177613,0.8211578539377891
20,doc_rows,2026-06-15,2026-06-12,华宝油气,162411.SZ,-4.4,-3.691275167785235,0.7087248322147652,0.7087248322147652,0.5022908877978471
20,doc_rows,2026-06-15,2026-06-12,豆粕,159985.SZ,-5.8,-3.446625179511731,2.353374820488269,2.353374820488269,5.538373045708192
20,doc_rows,2026-06-15,2026-06-12,中证2000,563300.SH,-6.2,-5.813234384662957,0.3867656153370431,0.3867656153370431,0.1495876412070416
20,doc_rows,2026-06-15,2026-06-12,中概互联网,513050.SH,-10.3,-9.07563025210083,1.2243697478991713,1.2243697478991713,1.4990812795706803
20,doc_rows,2026-06-15,2026-06-12,黄金,518880.SH,-11.3,-9.367804061126229,1.9321959388737717,1.9321959388737717,3.7333811462002964
20,doc_rows,2026-06-12,2026-06-11,日经225,513520.SH,6.3,6.120527306967971,-0.17947269303202873,0.17947269303202873,0.03221044754416881
20,doc_rows,2026-06-12,2026-06-11,纳指,513100.SH,2.8,1.187648456057011,-1.6123515439429887,1.6123515439429887,2.5996775012553397
20,doc_rows,2026-06-12,2026-06-11,科创50,588000.SH,-0.0,-3.2506887052341615,-3.2506887052341615,3.2506887052341615,10.56697705833695
20,doc_rows,2026-06-12,2026-06-11,创业板50,159949.SZ,-0.2,-3.043022035676801,-2.843022035676801,2.843022035676801,8.082774295343862
20,doc_rows,2026-06-12,2026-06-11,红利低波,512890.SH,-1.5,-1.1904761904761862,0.30952380952381375,0.30952380952381375,0.09580498866213413
20,doc_rows,2026-06-12,2026-06-11,沙特,520830.SH,-1.8,-1.318681318681325,0.48131868131867495,0.48131868131867495,0.23166767298634816
20,doc_rows,2026-06-12,2026-06-11,华宝油气,162411.SZ,-1.8,0.2272727272727204,2.0272727272727202,2.0272727272727202,4.109834710743773
20,doc_rows,2026-06-12,2026-06-11,印度,164824.SZ,-3.4,-2.41433021806855,0.9856697819314499,0.9856697819314499,0.971544919012792
20,doc_rows,2026-06-12,2026-06-11,可转债,511380.SH,-3.9,-2.93022275314454,0.9697772468554597,0.9697772468554597,0.9404679085185553
20,doc_rows,2026-06-12,2026-06-11,中证A500,159338.SZ,-4.4,-4.8054919908466776,-0.4054919908466772,0.4054919908466772,0.16442375464080175
20,doc_rows,2026-06-12,2026-06-11,德国,513030.SH,-4.4,-3.4540389972144703,0.9459610027855301,0.9459610027855301,0.8948422187910057
20,doc_rows,2026-06-12,2026-06-11,豆粕,159985.SZ,-5.9,-5.783582089552242,0.11641791044775829,0.11641791044775829,0.013553129873022268
20,doc_rows,2026-06-12,2026-06-11,中证2000,563300.SH,-6.5,-7.418761496014714,-0.9187614960147137,0.9187614960147137,0.8441226865591948
20,doc_rows,2026-06-12,2026-06-11,中概互联网,513050.SH,-11.1,-11.894995898277273,-0.7949958982772731,0.7949958982772731,0.6320184782776884
20,doc_rows,2026-06-12,2026-06-11,黄金,518880.SH,-12.8,-13.159775395610007,-0.35977539561000604,0.35977539561000604,0.12943833528633636
20,doc_rows,2026-06-11,2026-06-10,日经225,513520.SH,6.2,4.651162790697683,-1.5488372093023175,1.5488372093023175,2.3988967009193907
20,doc_rows,2026-06-11,2026-06-10,纳指,513100.SH,4.1,2.388915432393679,-1.7110845676063207,1.7110845676063207,2.9278103975005094
20,doc_rows,2026-06-11,2026-06-10,创业板50,159949.SZ,2.1,-3.703703703703698,-5.8037037037036985,5.8037037037036985,33.68297668038403
20,doc_rows,2026-06-11,2026-06-10,科创50,588000.SH,0.6,-6.487935656836463,-7.087935656836462,7.087935656836462,50.238831875453734
20,doc_rows,2026-06-11,2026-06-10,红利低波,512890.SH,-0.8,-0.4248088360238045,0.37519116397619556,0.37519116397619556,0.14076840952581246
20,doc_rows,2026-06-11,2026-06-10,沙特,520830.SH,-1.8,-1.5350877192982448,0.2649122807017552,0.2649122807017552,0.07017851646660554
20,doc_rows,2026-06-11,2026-06-10,印度,164824.SZ,-2.4,-0.54815974941268,1.85184025058732,1.85184025058732,3.429312313695308
20,doc_rows,2026-06-11,2026-06-10,德国,513030.SH,-3.5,-3.045404208194913,0.45459579180508713,0.45459579180508713,0.20665733392689412
20,doc_rows,2026-06-11,2026-06-10,中证A500,159338.SZ,-3.6,-6.278026905829604,-2.678026905829604,2.678026905829604,7.171828108347282
20,doc_rows,2026-06-11,2026-06-10,可转债,511380.SH,-4.3,-4.659696738904662,-0.35969673890466236,0.35969673890466236,0.12938174397864885
20,doc_rows,2026-06-11,2026-06-10,华宝油气,162411.SZ,-4.6,-3.269447576099216,1.3305524239007838,1.3305524239007838,1.770369752748251
20,doc_rows,2026-06-11,2026-06-10,中证2000,563300.SH,-5.3,-8.59375,-3.29375,3.29375,10.848789062500002
20,doc_rows,2026-06-11,2026-06-10,豆粕,159985.SZ,-6.9,-7.218880148079599,-0.3188801480795984,0.3188801480795984,0.10168454883926661
20,doc_rows,2026-06-11,2026-06-10,中概互联网,513050.SH,-8.7,-8.699254349627171,0.0007456503728278108,0.0007456503728278108,5.559944784982532e-07
20,doc_rows,2026-06-11,2026-06-10,黄金,518880.SH,-10.7,-10.89351285189718,-0.19351285189718048,0.19351285189718048,0.03744722384938011
20,doc_rows,2026-06-09,2026-06-08,日经225,513520.SH,6.6,3.9590125756870265,-2.640987424312973,2.640987424312973,6.9748145753792725
20,doc_rows,2026-06-09,2026-06-08,纳指,513100.SH,5.0,0.2846299810246533,-4.715370018975347,4.715370018975347,22.23471441585156
20,doc_rows,2026-06-09,2026-06-08,创业板50,159949.SZ,2.9,-1.906779661016944,-4.806779661016944,4.806779661016944,23.10513070956617
20,doc_rows,2026-06-09,2026-06-08,华宝油气,162411.SZ,1.3,2.8153153153153143,1.5153153153153143,1.5153153153153143,2.29618050482915
20,doc_rows,2026-06-09,2026-06-08,科创50,588000.SH,0.3,-7.067918277194918,-7.367918277194918,7.367918277194918,54.28621973942293
20,doc_rows,2026-06-09,2026-06-08,红利低波,512890.SH,-1.7,-1.1035653650254607,0.5964346349745393,0.5964346349745393,0.35573427379721195
20,doc_rows,2026-06-09,2026-06-08,沙特,520830.SH,-2.7,-2.6172300981461283,0.0827699018538719,0.0827699018538719,0.006850856652899587
20,doc_rows,2026-06-09,2026-06-08,中证A500,159338.SZ,-3.6,-6.259426847662142,-2.6594268476621417,2.6594268476621417,7.072551158066196
20,doc_rows,2026-06-09,2026-06-08,德国,513030.SH,-3.7,-4.063701263042274,-0.363701263042274,0.363701263042274,0.13227860873854538
20,doc_rows,2026-06-09,2026-06-08,可转债,511380.SH,-3.8,-4.885097013898454,-1.0850970138984541,1.0850970138984541,1.177435529571342
20,doc_rows,2026-06-09,2026-06-08,印度,164824.SZ,-4.0,-3.6126056879323576,0.3873943120676424,0.3873943120676424,0.1500743530223619
20,doc_rows,2026-06-09,2026-06-08,中证2000,563300.SH,-4.6,-8.424242424242422,-3.8242424242424224,3.8242424242424224,14.62483011937556
20,doc_rows,2026-06-09,2026-06-08,豆粕,159985.SZ,-7.5,-7.994454713493537,-0.4944547134935373,0.4944547134935373,0.24448546369597607
20,doc_rows,2026-06-09,2026-06-08,黄金,518880.SH,-8.6,-8.399836300388785,0.20016369961121505,0.20016369961121505,0.040065506642048734
20,doc_rows,2026-06-09,2026-06-08,中概互联网,513050.SH,-9.0,-9.637561779242176,-0.6375617792421764,0.6375617792421764,0.40648502235044964
20,doc_rows,2026-06-08,2026-06-05,日经225,513520.SH,11.9,6.0676238999537,-5.8323761000463,5.8323761000463,34.01661097239129
20,doc_rows,2026-06-08,2026-06-05,纳指,513100.SH,10.9,6.779661016949157,-4.120338983050844,4.120338983050844,16.97719333524846
20,doc_rows,2026-06-08,2026-06-05,创业板50,159949.SZ,7.7,5.820977484898404,-1.879022515101596,1.879022515101596,3.5307256122587276
20,doc_rows,2026-06-08,2026-06-05,科创50,588000.SH,7.0,2.084539664157492,-4.915460335842508,4.915460335842508,24.16175031324094
20,doc_rows,2026-06-08,2026-06-05,中证A500,159338.SZ,-0.6,-2.0721412125863314,-1.4721412125863313,1.4721412125863313,2.167199749795154
20,doc_rows,2026-06-08,2026-06-05,中证2000,563300.SH,-0.7,-4.520464263897372,-3.820464263897372,3.820464263897372,14.595947191716887
20,doc_rows,2026-06-08,2026-06-05,德国,513030.SH,-1.0,-2.286336418072943,-1.2863364180729429,1.2863364180729429,1.6546613804607289
20,doc_rows,2026-06-08,2026-06-05,华宝油气,162411.SZ,-1.1,1.8285714285714239,2.928571428571424,2.928571428571424,8.576530612244872
20,doc_rows,2026-06-08,2026-06-05,红利低波,512890.SH,-2.4,-1.5293118096856406,0.8706881903143593,0.8706881903143593,0.758097924752894
20,doc_rows,2026-06-08,2026-06-05,沙特,520830.SH,-2.5,-1.3172338090010949,1.1827661909989051,1.1827661909989051,1.3989358625700585
20,doc_rows,2026-06-08,2026-06-05,可转债,511380.SH,-2.9,-3.7205770690964313,-0.8205770690964314,0.8205770690964314,0.6733467263268895
20,doc_rows,2026-06-08,2026-06-05,印度,164824.SZ,-3.2,-3.7234042553191626,-0.5234042553191625,0.5234042553191625,0.273952014486207
20,doc_rows,2026-06-08,2026-06-05,黄金,518880.SH,-5.6,-6.356275303643722,-0.7562753036437222,0.7562753036437222,0.5719523349014042
20,doc_rows,2026-06-08,2026-06-05,中概互联网,513050.SH,-6.5,-8.730800323362987,-2.2308003233629865,2.2308003233629865,4.976470082716405
20,doc_rows,2026-06-08,2026-06-05,豆粕,159985.SZ,-6.6,-6.2529164722351815,0.3470835277648181,0.3470835277648181,0.12046697524567125
20,doc_rows,2026-06-05,2026-06-04,日经225,513520.SH,16.0,7.985314364387341,-8.014685635612658,8.014685635612658,64.23518583769587
20,doc_rows,2026-06-05,2026-06-04,纳指,513100.SH,14.4,9.055501460564773,-5.344498539435227,5.344498539435227,28.563664638025273
20,doc_rows,2026-06-05,2026-06-04,科创50,588000.SH,13.1,3.561334087054835,-9.538665912945165,9.538665912945165,90.98614739878201
20,doc_rows,2026-06-05,2026-06-04,创业板50,159949.SZ,12.1,8.650707290533187,-3.449292709466812,3.449292709466812,11.897620195580902
20,doc_rows,2026-06-05,2026-06-04,中证A500,159338.SZ,1.4,-0.9931245225362817,-2.3931245225362816,2.3931245225362816,5.727044980364505
20,doc_rows,2026-06-05,2026-06-04,中证2000,563300.SH,-0.3,-3.644224830142062,-3.3442248301420623,3.3442248301420623,11.183839714538705
20,doc_rows,2026-06-05,2026-06-04,华宝油气,162411.SZ,-0.7,0.0,0.7,0.7,0.48999999999999994
20,doc_rows,2026-06-05,2026-06-04,德国,513030.SH,-1.4,-4.278074866310167,-2.878074866310167,2.878074866310167,8.283314936086285
20,doc_rows,2026-06-05,2026-06-04,可转债,511380.SH,-2.4,-3.401876897598677,-1.001876897598677,1.001876897598677,1.00375731794195
20,doc_rows,2026-06-05,2026-06-04,红利低波,512890.SH,-2.6,-1.697792869269954,0.9022071307300461,0.9022071307300461,0.8139777067401425
20,doc_rows,2026-06-05,2026-06-04,沙特,520830.SH,-2.7,-1.5367727771679496,1.1632272228320506,1.1632272228320506,1.353097571937565
20,doc_rows,2026-06-05,2026-06-04,印度,164824.SZ,-3.7,-4.169825625473845,-0.46982562547384443,0.46982562547384443,0.22073611835188914
20,doc_rows,2026-06-05,2026-06-04,黄金,518880.SH,-5.4,-6.246846301342234,-0.846846301342234,0.846846301342234,0.7171486580970219
20,doc_rows,2026-06-05,2026-06-04,豆粕,159985.SZ,-5.7,-4.831144465290816,0.8688555347091844,0.8688555347091844,0.7549099401947827
20,doc_rows,2026-06-05,2026-06-04,中概互联网,513050.SH,-6.2,-8.252427184466027,-2.052427184466027,2.052427184466027,4.2124573475351434
20,doc_rows,2026-06-04,2026-06-03,纳指,513100.SH,17.8,14.378109452736322,-3.421890547263679,3.421890547263679,11.709334917452521
20,doc_rows,2026-06-04,2026-06-03,日经225,513520.SH,17.6,13.051732320835296,-4.548267679164706,4.548267679164706,20.6867388813343
20,doc_rows,2026-06-04,2026-06-03,科创50,588000.SH,14.1,4.529816513761475,-9.570183486238523,9.570183486238523,91.58841196027254
20,doc_rows,2026-06-04,2026-06-03,创业板50,159949.SZ,13.6,11.498065229408505,-2.1019347705914946,2.1019347705914946,4.418129779821519
20,doc_rows,2026-06-04,2026-06-03,中证A500,159338.SZ,2.5,0.4618937644341736,-2.0381062355658264,2.0381062355658264,4.153877027452304
20,doc_rows,2026-06-04,2026-06-03,中证2000,563300.SH,-0.1,-2.265575833857769,-2.165575833857769,2.165575833857769,4.689718692188772
20,doc_rows,2026-06-04,2026-06-03,德国,513030.SH,-0.2,-1.6829533116178186,-1.4829533116178186,1.4829533116178186,2.199150524438255
20,doc_rows,2026-06-04,2026-06-03,华宝油气,162411.SZ,-0.8,-4.817987152034265,-4.017987152034265,4.017987152034265,16.144220753912425
20,doc_rows,2026-06-04,2026-06-03,红利低波,512890.SH,-1.5,-0.8453085376162295,0.6546914623837705,0.6546914623837705,0.4286209109182
20,doc_rows,2026-06-04,2026-06-03,可转债,511380.SH,-1.7,-2.808833678398892,-1.1088336783988921,1.1088336783988921,1.2295121263516178
20,doc_rows,2026-06-04,2026-06-03,沙特,520830.SH,-2.1,-0.659340659340657,1.440659340659343,1.440659340659343,2.0754993358290132
20,doc_rows,2026-06-04,2026-06-03,豆粕,159985.SZ,-4.5,-4.863362667901805,-0.3633626679018054,0.3633626679018054,0.1320324284247177
20,doc_rows,2026-06-04,2026-06-03,印度,164824.SZ,-4.6,-3.683806600153494,0.9161933998465055,0.9161933998465055,0.8394103459222987
20,doc_rows,2026-06-04,2026-06-03,中概互联网,513050.SH,-4.8,-3.9134054954204966,0.8865945045795032,0.8865945045795032,0.7860498155505746
20,doc_rows,2026-06-04,2026-06-03,黄金,518880.SH,-5.7,-5.208865284444897,0.4911347155551029,0.4911347155551029,0.24121330882339184
20,doc_rows,2026-06-03,2026-06-02,纳指,513100.SH,20.8,19.601837672281764,-1.1981623277182365,1.1981623277182365,1.4355929635631828
20,doc_rows,2026-06-03,2026-06-02,日经225,513520.SH,16.6,15.464942814520132,-1.1350571854798694,1.1350571854798694,1.2883548143094827
20,doc_rows,2026-06-03,2026-06-02,科创50,588000.SH,13.2,7.678355501813794,-5.521644498186205,5.521644498186205,30.488557964349994
20,doc_rows,2026-06-03,2026-06-02,创业板50,159949.SZ,12.0,12.563956793632759,0.5639567936327587,0.5639567936327587,0.31804726508454206
20,doc_rows,2026-06-03,2026-06-02,中证A500,159338.SZ,2.2,1.4878621769772948,-0.7121378230227053,0.7121378230227053,0.507140278979518
20,doc_rows,2026-06-03,2026-06-02,德国,513030.SH,0.8,1.9005030743432183,1.1005030743432183,1.1005030743432183,1.2111070166388749
20,doc_rows,2026-06-03,2026-06-02,中证2000,563300.SH,0.2,-0.6410256410256387,-0.8410256410256387,0.8410256410256387,0.7073241288625864
20,doc_rows,2026-06-03,2026-06-02,红利低波,512890.SH,-0.9,-0.5050505050505083,0.3949494949494917,0.3949494949494917,0.1559851035608586
20,doc_rows,2026-06-03,2026-06-02,可转债,511380.SH,-1.3,-1.2033862730007616,0.09661372699923843,0.09661372699923843,0.009334212244683372
20,doc_rows,2026-06-03,2026-06-02,华宝油气,162411.SZ,-2.1,-6.115879828326188,-4.015879828326188,4.015879828326188,16.127290795557172
20,doc_rows,2026-06-03,2026-06-02,中概互联网,513050.SH,-2.6,0.16934801016088574,2.769348010160886,2.769348010160886,7.669288401382058
20,doc_rows,2026-06-03,2026-06-02,沙特,520830.SH,-3.3,-2.7085590465872222,0.5914409534127776,0.5914409534127776,0.34980240137381535
20,doc_rows,2026-06-03,2026-06-02,印度,164824.SZ,-4.0,-2.6194144838212696,1.3805855161787304,1.3805855161787304,1.9060163674824915
20,doc_rows,2026-06-03,2026-06-02,黄金,518880.SH,-4.4,-2.7691671833023457,1.6308328166976547,1.6308328166976547,2.659615676018006
20,doc_rows,2026-06-03,2026-06-02,豆粕,159985.SZ,-4.7,-5.365402405180397,-0.6654024051803971,0.6654024051803971,0.4427603608198573
20,doc_rows,2026-06-02,2026-06-01,纳指,513100.SH,23.7,20.540265035677898,-3.1597349643221015,3.1597349643221015,9.983925044759593
20,doc_rows,2026-06-02,2026-06-01,日经225,513520.SH,18.0,15.145535273803645,-2.8544647261963547,2.8544647261963547,8.14796887309923
20,doc_rows,2026-06-02,2026-06-01,科创50,588000.SH,13.3,11.365079365079378,-1.9349206349206227,1.9349206349206227,3.743917863441626
20,doc_rows,2026-06-02,2026-06-01,创业板50,159949.SZ,8.7,8.668555240793197,-0.031444759206802786,0.031444759206802786,0.0009887728815738085
20,doc_rows,2026-06-02,2026-06-01,德国,513030.SH,1.6,2.116991643454047,0.5169916434540469,0.5169916434540469,0.2672803594013164
20,doc_rows,2026-06-02,2026-06-01,中证A500,159338.SZ,1.2,0.47132757266299397,-0.728672427337006,0.728672427337006,0.5309635063612043
20,doc_rows,2026-06-02,2026-06-01,中证2000,563300.SH,0.7,0.2582311168495721,-0.44176888315042784,0.44176888315042784,0.19515974611997636
20,doc_rows,2026-06-02,2026-06-01,红利低波,512890.SH,-0.9,-1.171548117154808,-0.2715481171548081,0.2715481171548081,0.07373837993032138
20,doc_rows,2026-06-02,2026-06-01,可转债,511380.SH,-1.8,-1.907756813417194,-0.10775681341719401,0.10775681341719401,0.011611530837827963
20,doc_rows,2026-06-02,2026-06-01,沙特,520830.SH,-2.5,-1.943844492440605,0.5561555075593949,0.5561555075593949,0.30930894858864816
20,doc_rows,2026-06-02,2026-06-01,华宝油气,162411.SZ,-2.7,-4.525386313465784,-1.825386313465784,1.825386313465784,3.3320351933882053
20,doc_rows,2026-06-02,2026-06-01,豆粕,159985.SZ,-3.1,-4.249422632794464,-1.1494226327944639,1.1494226327944639,1.321172388780157
20,doc_rows,2026-06-02,2026-06-01,印度,164824.SZ,-3.5,-3.779289493575211,-0.2792894935752108,0.2792894935752108,0.07800262122149773
20,doc_rows,2026-06-02,2026-06-01,黄金,518880.SH,-5.3,-3.0403652588980035,2.2596347411019964,2.2596347411019964,5.105949163195086
20,doc_rows,2026-06-02,2026-06-01,中概互联网,513050.SH,-8.3,-6.365159128978215,1.9348408710217857,1.9348408710217857,3.7436091961763425
20,doc_rows,2026-06-01,2026-05-29,科创50,588000.SH,20.3,17.602040816326525,-2.6979591836734755,2.6979591836734755,7.278983756768047
20,doc_rows,2026-06-01,2026-05-29,纳指,513100.SH,19.1,15.792154865002539,-3.3078451349974625,3.3078451349974625,10.941839437126381
20,doc_rows,2026-06-01,2026-05-29,日经225,513520.SH,12.4,10.58823529411763,-1.8117647058823696,1.8117647058823696,3.2824913494810293
20,doc_rows,2026-06-01,2026-05-29,创业板50,159949.SZ,11.6,14.443797320908569,2.8437973209085694,2.8437973209085694,8.087183202406758
20,doc_rows,2026-06-01,2026-05-29,中证A500,159338.SZ,2.7,3.1872509960159334,0.48725099601593325,0.48725099601593325,0.237413533118519
20,doc_rows,2026-06-01,2026-05-29,中证2000,563300.SH,1.2,2.232435981615244,1.032435981615244,1.032435981615244,1.0659240561338323
20,doc_rows,2026-06-01,2026-05-29,德国,513030.SH,1.2,1.7817371937639104,0.5817371937639104,0.5817371937639104,0.3384181626083095
20,doc_rows,2026-06-01,2026-05-29,可转债,511380.SH,-2.0,-1.318108127158657,0.681891872841343,0.681891872841343,0.4649765262470743
20,doc_rows,2026-06-01,2026-05-29,红利低波,512890.SH,-2.1,-2.097315436241598,0.002684563758402092,0.002684563758402092,7.206882572925966e-06
20,doc_rows,2026-06-01,2026-05-29,豆粕,159985.SZ,-2.7,-3.7980546549328364,-1.0980546549328363,1.0980546549328363,1.2057240252196701
20,doc_rows,2026-06-01,2026-05-29,印度,164824.SZ,-2.8,-1.6091954022988464,1.1908045977011534,1.1908045977011534,1.418015589906206
20,doc_rows,2026-06-01,2026-05-29,沙特,520830.SH,-2.9,-1.521739130434785,1.378260869565215,1.378260869565215,1.8996030245746625
20,doc_rows,2026-06-01,2026-05-29,华宝油气,162411.SZ,-3.0,-5.09977827050998,-2.0997782705099803,2.0997782705099803,4.409068785305884
20,doc_rows,2026-06-01,2026-05-29,黄金,518880.SH,-5.2,-3.442252363337439,1.757747636662561,1.757747636662561,3.0896767541928187
20,doc_rows,2026-06-01,2026-05-29,中概互联网,513050.SH,-10.3,-6.77392040643523,3.526079593564771,3.526079593564771,12.4332373001539
20,doc_rows,2026-05-29,2026-05-28,科创50,588000.SH,27.5,22.06159648020114,-5.438403519798861,5.438403519798861,29.57623284416064
20,doc_rows,2026-05-29,2026-05-28,纳指,513100.SH,16.3,13.830334190231364,-2.469665809768637,2.469665809768637,6.099249211940178
20,doc_rows,2026-05-29,2026-05-28,创业板50,159949.SZ,14.3,14.588100686498873,0.288100686498872,0.288100686498872,0.08300200556112132
20,doc_rows,2026-05-29,2026-05-28,日经225,513520.SH,8.3,6.103515625,-2.1964843750000007,2.1964843750000007,4.824543609619144
20,doc_rows,2026-05-29,2026-05-28,中证2000,563300.SH,4.9,4.0155440414507915,-0.8844559585492089,0.8844559585492089,0.7822623426131999
20,doc_rows,2026-05-29,2026-05-28,中证A500,159338.SZ,4.0,3.645007923930277,-0.35499207606972316,0.35499207606972316,0.1260193740722921
20,doc_rows,2026-05-29,2026-05-28,德国,513030.SH,0.5,1.1142061281337101,0.6142061281337101,0.6142061281337101,0.3772491678370035
20,doc_rows,2026-05-29,2026-05-28,可转债,511380.SH,-1.0,-1.2237762237762295,-0.22377622377622952,0.22377622377622952,0.05007579832754915
20,doc_rows,2026-05-29,2026-05-28,豆粕,159985.SZ,-2.1,-3.1598513011152463,-1.0598513011152462,1.0598513011152462,1.1232847804756803
20,doc_rows,2026-05-29,2026-05-28,华宝油气,162411.SZ,-2.1,-3.370786516853941,-1.2707865168539407,1.2707865168539407,1.614898371417771
20,doc_rows,2026-05-29,2026-05-28,沙特,520830.SH,-3.3,-1.0905125408942173,2.2094874591057825,2.2094874591057825,4.881834831945727
20,doc_rows,2026-05-29,2026-05-28,印度,164824.SZ,-3.6,-2.8244274809160363,0.7755725190839637,0.7755725190839637,0.6015127323582453
20,doc_rows,2026-05-29,2026-05-28,红利低波,512890.SH,-4.0,-3.7846930193439987,0.2153069806560013,0.2153069806560013,0.046357095919203714
20,doc_rows,2026-05-29,2026-05-28,黄金,518880.SH,-8.3,-7.72961503485905,0.5703849651409509,0.5703849651409509,0.32533900845884384
20,doc_rows,2026-05-29,2026-05-28,中概互联网,513050.SH,-10.8,-8.659450457951712,2.140549542048289,2.140549542048289,4.58195234196314
20,doc_rows,2026-05-28,2026-05-27,科创50,588000.SH,26.2,24.82037883736121,-1.379621162638788,1.379621162638788,1.903354552400801
20,doc_rows,2026-05-28,2026-05-27,纳指,513100.SH,17.3,16.570529627687456,-0.7294703723125444,0.7294703723125444,0.5321270240818021
20,doc_rows,2026-05-28,2026-05-27,创业板50,159949.SZ,12.1,11.413969335604769,-0.686030664395231,0.686030664395231,0.47063807249056205
20,doc_rows,2026-05-28,2026-05-27,日经225,513520.SH,10.6,8.816245666171362,-1.7837543338286377,1.7837543338286377,3.181779523452447
20,doc_rows,2026-05-28,2026-05-27,中证A500,159338.SZ,4.0,3.5685963521015163,-0.43140364789848373,0.43140364789848373,0.18610910742011894
20,doc_rows,2026-05-28,2026-05-27,中证2000,563300.SH,3.4,3.6018336607727575,0.20183366077275755,0.20183366077275755,0.04073682662093257
20,doc_rows,2026-05-28,2026-05-27,德国,513030.SH,1.4,2.006688963210701,0.6066889632107011,0.6066889632107011,0.36807149808167544
20,doc_rows,2026-05-28,2026-05-27,可转债,511380.SH,-1.7,-1.663741663741669,0.03625833625833086,0.03625833625833086,0.0013146669482221901
20,doc_rows,2026-05-28,2026-05-27,华宝油气,162411.SZ,-1.7,-3.790412486064665,-2.0904124860646647,2.0904124860646647,4.369824361895052
20,doc_rows,2026-05-28,2026-05-27,豆粕,159985.SZ,-2.6,-2.682352941176469,-0.08235294117646896,0.08235294117646896,0.006782006920414957
20,doc_rows,2026-05-28,2026-05-27,印度,164824.SZ,-2.6,-1.3803680981595123,1.2196319018404878,1.2196319018404878,1.4875019759870451
20,doc_rows,2026-05-28,2026-05-27,沙特,520830.SH,-3.4,-1.3071895424836666,2.0928104575163333,2.0928104575163333,4.379855611089725
20,doc_rows,2026-05-28,2026-05-27,红利低波,512890.SH,-3.4,-4.006677796327218,-0.6066777963272183,0.6066777963272183,0.36805794855644974
20,doc_rows,2026-05-28,2026-05-27,黄金,518880.SH,-6.4,-4.89517606350498,1.5048239364950202,1.5048239364950202,2.2644950798483685
20,doc_rows,2026-05-28,2026-05-27,中概互联网,513050.SH,-8.5,-7.172300082440241,1.3276999175597588,1.3276999175597588,1.7627870710881903
20,doc_rows,2026-05-27,2026-05-26,科创50,588000.SH,31.2,30.503978779840857,-0.6960212201591425,0.6960212201591425,0.48444553891182146
20,doc_rows,2026-05-27,2026-05-26,纳指,513100.SH,15.8,14.698162729658804,-1.1018372703411963,1.1018372703411963,1.2140453703129384
20,doc_rows,2026-05-27,2026-05-26,创业板50,159949.SZ,12.2,8.918617614269774,-3.2813823857302253,3.2813823857302253,10.767470361380585
20,doc_rows,2026-05-27,2026-05-26,日经225,513520.SH,11.4,9.239940387481372,-2.160059612518628,2.160059612518628,4.665857529634127
20,doc_rows,2026-05-27,2026-05-26,中证2000,563300.SH,6.0,4.873294346978563,-1.1267056530214372,1.1267056530214372,1.2694656285504633
20,doc_rows,2026-05-27,2026-05-26,中证A500,159338.SZ,5.5,4.340962904498835,-1.1590370955011648,1.1590370955011648,1.3433669887477764
20,doc_rows,2026-05-27,2026-05-26,德国,513030.SH,2.2,2.5041736227045197,0.30417362270451953,0.30417362270451953,0.0925215927491914
20,doc_rows,2026-05-27,2026-05-26,华宝油气,162411.SZ,-0.4,-2.00892857142857,-1.60892857142857,1.60892857142857,2.5886511479591787
20,doc_rows,2026-05-27,2026-05-26,可转债,511380.SH,-0.7,-1.2108910198082135,-0.5108910198082135,0.5108910198082135,0.2610096341206764
20,doc_rows,2026-05-27,2026-05-26,印度,164824.SZ,-2.0,-1.823708206686936,0.1762917933130641,0.1762917933130641,0.031078796389536114
20,doc_rows,2026-05-27,2026-05-26,红利低波,512890.SH,-2.8,-3.5058430717863187,-0.7058430717863189,0.7058430717863189,0.49821444198874654
20,doc_rows,2026-05-27,2026-05-26,豆粕,159985.SZ,-2.9,-4.452690166975881,-1.5526901669758808,1.5526901669758808,2.4108467546235888
20,doc_rows,2026-05-27,2026-05-26,沙特,520830.SH,-3.2,-1.9375672766415497,1.2624327233584505,1.2624327233584505,1.593736381006234
20,doc_rows,2026-05-27,2026-05-26,黄金,518880.SH,-5.3,-4.505050505050501,0.7949494949494991,0.7949494949494991,0.6319446995204636
20,doc_rows,2026-05-27,2026-05-26,中概互联网,513050.SH,-6.8,-5.834018077239122,0.9659819227608777,0.9659819227608777,0.9331210751008022
20,doc_rows,2026-05-26,2026-05-25,科创50,588000.SH,34.0,30.673642903858745,-3.3263570961412547,3.3263570961412547,11.06465153104928
20,doc_rows,2026-05-26,2026-05-25,纳指,513100.SH,18.6,17.668776371308013,-0.9312236286919884,0.9312236286919884,0.8671774466342742
20,doc_rows,2026-05-26,2026-05-25,日经225,513520.SH,12.1,8.497053045186643,-3.6029469548133566,3.6029469548133566,12.98122675919884
20,doc_rows,2026-05-26,2026-05-25,创业板50,159949.SZ,12.0,7.202216066481992,-4.797783933518008,4.797783933518008,23.018730672723528
20,doc_rows,2026-05-26,2026-05-25,中证2000,563300.SH,7.7,4.945407835581239,-2.754592164418761,2.754592164418761,7.587777992277235
20,doc_rows,2026-05-26,2026-05-25,中证A500,159338.SZ,5.5,3.6191974822973982,-1.8808025177026018,1.8808025177026018,3.5374181105964455
20,doc_rows,2026-05-26,2026-05-25,德国,513030.SH,1.5,-0.43572984749455923,-1.9357298474945592,1.9357298474945592,3.7470500424813094
20,doc_rows,2026-05-26,2026-05-25,可转债,511380.SH,-0.2,-1.482151555215372,-1.282151555215372,1.282151555215372,1.643912610541197
20,doc_rows,2026-05-26,2026-05-25,华宝油气,162411.SZ,-1.9,0.46403712296982924,2.364037122969829,2.364037122969829,5.588671518779467
20,doc_rows,2026-05-26,2026-05-25,印度,164824.SZ,-1.9,-2.706766917293235,-0.8067669172932352,0.8067669172932352,0.6508728588388298
20,doc_rows,2026-05-26,2026-05-25,沙特,520830.SH,-2.7,-1.3963480128893702,1.30365198711063,1.30365198711063,1.6995085034974942
20,doc_rows,2026-05-26,2026-05-25,豆粕,159985.SZ,-2.9,-5.209774089442143,-2.309774089442143,2.309774089442143,5.335056344258281
20,doc_rows,2026-05-26,2026-05-25,红利低波,512890.SH,-3.0,-3.3557046979865834,-0.35570469798658344,0.35570469798658344,0.12652583216972654
20,doc_rows,2026-05-26,2026-05-25,黄金,518880.SH,-4.9,-4.91803278688524,-0.01803278688523946,0.01803278688523946,0.0003251814028484643
20,doc_rows,2026-05-26,2026-05-25,中概互联网,513050.SH,-7.1,-7.386363636363635,-0.28636363636363527,0.28636363636363527,0.08200413223140433
20,doc_rows,2026-05-25,2026-05-22,科创50,588000.SH,27.3,25.46542553191489,-1.834574468085112,1.834574468085112,3.3656634789497715
20,doc_rows,2026-05-25,2026-05-22,纳指,513100.SH,15.2,13.424947145877386,-1.7750528541226132,1.7750528541226132,3.150812634928835
20,doc_rows,2026-05-25,2026-05-22,创业板50,159949.SZ,11.1,7.422096317280458,-3.677903682719542,3.677903682719542,13.526975499361969
20,doc_rows,2026-05-25,2026-05-22,中证2000,563300.SH,7.9,5.779220779220773,-2.1207792207792275,2.1207792207792275,4.497704503288947
20,doc_rows,2026-05-25,2026-05-22,日经225,513520.SH,7.9,5.024630541871944,-2.8753694581280564,2.8753694581280564,8.267749520735633
20,doc_rows,2026-05-25,2026-05-22,中证A500,159338.SZ,4.3,2.694136291600646,-1.6058637083993537,1.6058637083993537,2.5787982499541244
20,doc_rows,2026-05-25,2026-05-22,华宝油气,162411.SZ,1.9,6.103286384976525,4.203286384976526,4.203286384976526,17.66761643412903
20,doc_rows,2026-05-25,2026-05-22,德国,513030.SH,-0.0,-1.6411378555798661,-1.6411378555798661,1.6411378555798661,2.6933334610172817
20,doc_rows,2026-05-25,2026-05-22,可转债,511380.SH,-0.3,-1.0155483961339251,-0.7155483961339251,0.7155483961339251,0.5120095072098325
20,doc_rows,2026-05-25,2026-05-22,豆粕,159985.SZ,-1.2,-2.021626704278312,-0.8216267042783121,0.8216267042783121,0.6750704411832409
20,doc_rows,2026-05-25,2026-05-22,红利低波,512890.SH,-2.6,-3.508771929824561,-0.9087719298245611,0.9087719298245611,0.825866420437057
20,doc_rows,2026-05-25,2026-05-22,印度,164824.SZ,-3.2,-4.992548435171395,-1.792548435171395,1.792548435171395,3.213229892435417
20,doc_rows,2026-05-25,2026-05-22,沙特,520830.SH,-3.6,-2.8846153846153855,0.7153846153846146,0.7153846153846146,0.511775147928993
20,doc_rows,2026-05-25,2026-05-22,黄金,518880.SH,-5.5,-5.484515484515484,0.015484515484516237,0.015484515484516237,0.00023977021979022312
20,doc_rows,2026-05-25,2026-05-22,中概互联网,513050.SH,-6.0,-8.412698412698417,-2.4126984126984166,2.4126984126984166,5.821113630637459
20,doc_rows,2026-05-22,2026-05-21,科创50,588000.SH,26.4,21.807465618860533,-4.592534381139465,4.592534381139465,21.091372041948052
20,doc_rows,2026-05-22,2026-05-21,纳指,513100.SH,13.7,11.269841269841297,-2.430158730158702,2.430158730158702,5.905671453766555
20,doc_rows,2026-05-22,2026-05-21,创业板50,159949.SZ,9.3,4.486087450312337,-4.813912549687664,4.813912549687664,23.173754036040382
20,doc_rows,2026-05-22,2026-05-21,中证2000,563300.SH,5.4,2.5923525599481634,-2.807647440051837,2.807647440051837,7.882884147629634
20,doc_rows,2026-05-22,2026-05-21,日经225,513520.SH,4.9,2.6759167492567126,-2.2240832507432877,2.2240832507432877,4.94654630623683
20,doc_rows,2026-05-22,2026-05-21,中证A500,159338.SZ,3.6,1.6666666666666607,-1.9333333333333393,1.9333333333333393,3.737777777777801
20,doc_rows,2026-05-22,2026-05-21,华宝油气,162411.SZ,3.2,5.990783410138256,2.790783410138256,2.790783410138256,7.788472042302914
20,doc_rows,2026-05-22,2026-05-21,可转债,511380.SH,-0.3,-1.3980148189570718,-1.0980148189570718,1.0980148189570718,1.2056365426493312
20,doc_rows,2026-05-22,2026-05-21,豆粕,159985.SZ,-0.5,-0.2391200382592218,0.2608799617407782,0.2608799617407782,0.06805835443786991
20,doc_rows,2026-05-22,2026-05-21,德国,513030.SH,-0.7,-1.9262520638414937,-1.2262520638414938,1.2262520638414938,1.5036941240755228
20,doc_rows,2026-05-22,2026-05-21,红利低波,512890.SH,-2.1,-2.4369747899159577,-0.33697478991595764,0.33697478991595764,0.11355200903890379
20,doc_rows,2026-05-22,2026-05-21,印度,164824.SZ,-3.4,-5.078416728902169,-1.6784167289021688,1.6784167289021688,2.8170827158586564
20,doc_rows,2026-05-22,2026-05-21,沙特,520830.SH,-4.0,-3.7234042553191404,0.27659574468085957,0.27659574468085957,0.07650520597555925
20,doc_rows,2026-05-22,2026-05-21,黄金,518880.SH,-5.6,-5.83897967317657,-0.2389796731765701,0.2389796731765701,0.05711128419158026
20,doc_rows,2026-05-22,2026-05-21,中概互联网,513050.SH,-6.2,-9.15548539857931,-2.9554853985793104,2.9554853985793104,8.734893941215505
20,doc_rows,2026-05-21,2026-05-20,科创50,588000.SH,32.7,28.819212808539028,-3.880787191460975,3.880787191460975,15.06050922540756
20,doc_rows,2026-05-21,2026-05-20,创业板50,159949.SZ,13.7,6.9239500567536805,-6.776049943246319,6.776049943246319,45.91485283336844
20,doc_rows,2026-05-21,2026-05-20,纳指,513100.SH,12.6,8.773784355179703,-3.826215644820296,3.826215644820296,14.639926160667596
20,doc_rows,2026-05-21,2026-05-20,中证2000,563300.SH,10.2,6.975228161668845,-3.2247718383311543,3.2247718383311543,10.399153409293692
20,doc_rows,2026-05-21,2026-05-20,中证A500,159338.SZ,6.1,4.076738609112729,-2.0232613908872707,2.0232613908872707,4.093586655855093
20,doc_rows,2026-05-21,2026-05-20,日经225,513520.SH,3.7,0.49407114624504533,-3.205928853754955,3.205928853754955,10.277979815338558
20,doc_rows,2026-05-21,2026-05-20,华宝油气,162411.SZ,3.4,6.11551528878822,2.7155152887882203,2.7155152887882203,7.374023283642572
20,doc_rows,2026-05-21,2026-05-20,可转债,511380.SH,1.3,-0.4463351698165807,-1.7463351698165808,1.7463351698165808,3.049686525338306
20,doc_rows,2026-05-21,2026-05-20,豆粕,159985.SZ,0.7,0.42979942693410766,-0.2702005730658923,0.2702005730658923,0.0730083496851366
20,doc_rows,2026-05-21,2026-05-20,德国,513030.SH,-0.8,-1.8323153803442516,-1.0323153803442515,1.0323153803442515,1.0656750444952967
20,doc_rows,2026-05-21,2026-05-20,红利低波,512890.SH,-1.7,-1.6891891891891886,0.010810810810811367,0.010810810810811367,0.00011687363038715592
20,doc_rows,2026-05-21,2026-05-20,中概互联网,513050.SH,-2.6,-5.115907274180643,-2.5159072741806425,2.5159072741806425,6.329789412275071
20,doc_rows,2026-05-21,2026-05-20,沙特,520830.SH,-3.3,-4.926624737945485,-1.6266247379454848,1.6266247379454848,2.645908038096217
20,doc_rows,2026-05-21,2026-05-20,印度,164824.SZ,-3.9,-5.35041446872645,-1.4504144687264504,1.4504144687264504,2.1037021310910315
20,doc_rows,2026-05-21,2026-05-20,黄金,518880.SH,-6.3,-6.600857513211677,-0.3008575132116773,0.3008575132116773,0.09051524325591459
20,doc_rows,2026-05-20,2026-05-19,科创50,588000.SH,30.4,24.899866488651547,-5.5001335113484515,5.5001335113484515,30.251468642658246
20,doc_rows,2026-05-20,2026-05-19,创业板50,159949.SZ,15.1,8.25158684362377,-6.84841315637623,6.84841315637623,46.900762760427035
20,doc_rows,2026-05-20,2026-05-19,纳指,513100.SH,12.6,7.341373885684321,-5.258626114315678,5.258626114315678,27.65314861016281
20,doc_rows,2026-05-20,2026-05-19,中证2000,563300.SH,11.4,7.88436268068331,-3.5156373193166903,3.5156373193166903,12.359705760972245
20,doc_rows,2026-05-20,2026-05-19,中证A500,159338.SZ,6.7,3.753993610223638,-2.946006389776362,2.946006389776362,8.678953648603153
20,doc_rows,2026-05-20,2026-05-19,日经225,513520.SH,5.5,0.19559902200489976,-5.3044009779951,5.3044009779951,28.136669735355376
20,doc_rows,2026-05-20,2026-05-19,可转债,511380.SH,2.3,0.47609045718688403,-1.8239095428131158,1.8239095428131158,3.326646020364749
20,doc_rows,2026-05-20,2026-05-19,豆粕,159985.SZ,1.8,0.5210800568450802,-1.2789199431549199,1.2789199431549199,1.6356362209993835
20,doc_rows,2026-05-20,2026-05-19,华宝油气,162411.SZ,0.9,6.436781609195408,5.536781609195407,5.536781609195407,30.655950587924487
20,doc_rows,2026-05-20,2026-05-19,德国,513030.SH,-0.2,-2.4834437086092787,-2.2834437086092785,2.2834437086092785,5.214115170387296
20,doc_rows,2026-05-20,2026-05-19,中概互联网,513050.SH,-0.8,-4.69371519490851,-3.89371519490851,3.89371519490851,15.161018019061416
20,doc_rows,2026-05-20,2026-05-19,红利低波,512890.SH,-1.3,-1.6820857863751093,-0.38208578637510926,0.38208578637510926,0.14598954814988563
20,doc_rows,2026-05-20,2026-05-19,印度,164824.SZ,-2.2,-3.568716780561876,-1.3687167805618756,1.3687167805618756,1.8733856253916656
20,doc_rows,2026-05-20,2026-05-19,沙特,520830.SH,-3.5,-5.3291536050156685,-1.8291536050156685,1.8291536050156685,3.345802910741816
20,doc_rows,2026-05-20,2026-05-19,黄金,518880.SH,-4.7,-5.764088343072194,-1.0640883430721937,1.0640883430721937,1.1322840018621265
20,doc_rows,2026-05-19,2026-05-18,科创50,588000.SH,27.2,21.65991902834008,-5.540080971659918,5.540080971659918,30.692497172548308
20,doc_rows,2026-05-19,2026-05-18,创业板50,159949.SZ,17.8,12.589498806682586,-5.210501193317414,5.210501193317414,27.1493226855622
20,doc_rows,2026-05-19,2026-05-18,纳指,513100.SH,13.9,10.836909871244615,-3.0630901287553858,3.0630901287553858,9.382521136878685
20,doc_rows,2026-05-19,2026-05-18,中证2000,563300.SH,11.2,9.2741935483871,-1.9258064516128997,1.9258064516128997,3.7087304890738677
20,doc_rows,2026-05-19,2026-05-18,日经225,513520.SH,6.7,3.5246727089627505,-3.1753272910372496,3.1753272910372496,10.082703405205958
20,doc_rows,2026-05-19,2026-05-18,中证A500,159338.SZ,6.6,4.453441295546545,-2.1465587044534544,2.1465587044534544,4.607714271664893
20,doc_rows,2026-05-19,2026-05-18,可转债,511380.SH,1.1,0.4484304932735439,-0.6515695067264562,0.6515695067264562,0.42454282209575744
20,doc_rows,2026-05-19,2026-05-18,豆粕,159985.SZ,0.4,-0.2384358607534498,-0.6384358607534498,0.6384358607534498,0.4076003482959984
20,doc_rows,2026-05-19,2026-05-18,华宝油气,162411.SZ,-0.0,7.381776239907745,7.381776239907745,7.381776239907745,54.49062045606652
20,doc_rows,2026-05-19,2026-05-18,中概互联网,513050.SH,-1.7,-3.0427631578947345,-1.3427631578947345,1.3427631578947345,1.8030128981994398
20,doc_rows,2026-05-19,2026-05-18,德国,513030.SH,-1.8,-3.4636871508379907,-1.6636871508379907,1.6636871508379907,2.767854935863431
20,doc_rows,2026-05-19,2026-05-18,印度,164824.SZ,-2.0,-3.9543726235741428,-1.9543726235741428,1.9543726235741428,3.819572351776078
20,doc_rows,2026-05-19,2026-05-18,红利低波,512890.SH,-2.2,-2.4390243902439157,-0.23902439024391553,0.23902439024391553,0.057132659131475624
20,doc_rows,2026-05-19,2026-05-18,沙特,520830.SH,-3.5,-4.439746300211411,-0.9397463002114108,0.9397463002114108,0.8831231087610351
20,doc_rows,2026-05-19,2026-05-18,黄金,518880.SH,-4.3,-5.474960254372019,-1.174960254372019,1.174960254372019,1.3805315993539595
20,doc_rows,2026-05-18,2026-05-15,科创50,588000.SH,27.2,20.824881676808648,-6.3751183231913515,6.3751183231913515,40.64213363469011
20,doc_rows,2026-05-18,2026-05-15,创业板50,159949.SZ,19.6,11.42520612485276,-8.174793875147241,8.174793875147241,66.82725490114484
20,doc_rows,2026-05-18,2026-05-15,纳指,513100.SH,17.9,15.068493150684947,-2.8315068493150513,2.8315068493150513,8.017431037718048
20,doc_rows,2026-05-18,2026-05-15,中证2000,563300.SH,11.2,7.871914609739816,-3.328085390260183,3.328085390260183,11.076152364863274
20,doc_rows,2026-05-18,2026-05-15,日经225,513520.SH,9.3,4.773869346733672,-4.526130653266328,4.526130653266328,20.48585869043708
20,doc_rows,2026-05-18,2026-05-15,中证A500,159338.SZ,7.5,4.351329572925056,-3.1486704270749444,3.1486704270749444,9.914125458336313
20,doc_rows,2026-05-18,2026-05-15,可转债,511380.SH,1.6,0.28409090909089496,-1.3159090909091051,1.3159090909091051,1.7316167355372276
20,doc_rows,2026-05-18,2026-05-15,德国,513030.SH,1.4,-0.28074115665356336,-1.6807411566535633,1.6807411566535633,2.8248908356691578
20,doc_rows,2026-05-18,2026-05-15,豆粕,159985.SZ,0.6,-1.0421601136902048,-1.6421601136902049,1.6421601136902049,2.6966898389950265
20,doc_rows,2026-05-18,2026-05-15,中概互联网,513050.SH,-0.4,-0.4184100418410108,-0.018410041841010805,0.018410041841010805,0.0003389296405877685
20,doc_rows,2026-05-18,2026-05-15,印度,164824.SZ,-0.5,-2.448355011476666,-1.9483550114766661,1.9483550114766661,3.7960872507462398
20,doc_rows,2026-05-18,2026-05-15,红利低波,512890.SH,-1.7,-1.185436071126167,0.5145639288738331,0.5145639288738331,0.2647760368980751
20,doc_rows,2026-05-18,2026-05-15,沙特,520830.SH,-3.4,-4.4350580781414966,-1.0350580781414966,1.0350580781414966,1.0713452251259685
20,doc_rows,2026-05-18,2026-05-15,黄金,518880.SH,-3.9,-4.564978523624008,-0.6649785236240082,0.6649785236240082,0.44219643688116567
20,doc_rows,2026-05-18,2026-05-15,华宝油气,162411.SZ,-5.2,-0.44543429844098315,4.754565701559017,4.754565701559017,22.605895010441383
20,doc_rows,2026-05-15,2026-05-14,科创50,588000.SH,30.6,25.345303867403324,-5.254696132596678,5.254696132596678,27.61183144592648
20,doc_rows,2026-05-15,2026-05-14,创业板50,159949.SZ,21.8,15.235792019347038,-6.564207980652963,6.564207980652963,43.08882641326805
20,doc_rows,2026-05-15,2026-05-14,纳指,513100.SH,20.1,17.07452725250278,-3.025472747497222,3.025472747497222,9.15348534584839
20,doc_rows,2026-05-15,2026-05-14,中证2000,563300.SH,12.7,10.35182679296347,-2.3481732070365293,2.3481732070365293,5.513917410244219
20,doc_rows,2026-05-15,2026-05-14,日经225,513520.SH,12.2,9.090909090909083,-3.1090909090909165,3.1090909090909165,9.666446280991781
20,doc_rows,2026-05-15,2026-05-14,中证A500,159338.SZ,9.4,7.0204081632653015,-2.379591836734699,2.379591836734699,5.6624573094544175
20,doc_rows,2026-05-15,2026-05-14,豆粕,159985.SZ,3.4,0.7518796992481258,-2.648120300751874,2.648120300751874,7.012541127254196
20,doc_rows,2026-05-15,2026-05-14,德国,513030.SH,3.2,1.8728717366628844,-1.3271282633371158,1.3271282633371158,1.7612694273481888
20,doc_rows,2026-05-15,2026-05-14,可转债,511380.SH,2.8,2.1901479247450784,-0.6098520752549215,0.6098520752549215,0.3719195536927344
20,doc_rows,2026-05-15,2026-05-14,中概互联网,513050.SH,2.4,2.8691983122362874,0.4691983122362875,0.4691983122362875,0.22014705620538072
20,doc_rows,2026-05-15,2026-05-14,印度,164824.SZ,0.9,-0.6960556844547439,-1.5960556844547438,1.5960556844547438,2.547393747880301
20,doc_rows,2026-05-15,2026-05-14,红利低波,512890.SH,-1.0,0.0,1.0,1.0,1.0
20,doc_rows,2026-05-15,2026-05-14,黄金,518880.SH,-1.1,-1.2998790810157201,-0.19987908101572005,0.19987908101572005,0.03995164702768878
20,doc_rows,2026-05-15,2026-05-14,沙特,520830.SH,-2.7,-2.0452099031216364,0.6547900968783638,0.6547900968783638,0.42875007096997697
20,doc_rows,2026-05-15,2026-05-14,华宝油气,162411.SZ,-8.9,-4.761904761904767,4.138095238095233,4.138095238095233,17.123832199546445
20,doc_rows,2026-05-14,2026-05-13,科创50,588000.SH,35.4,29.784272790535837,-5.615727209464161,5.615727209464161,31.536392091116134
20,doc_rows,2026-05-14,2026-05-13,创业板50,159949.SZ,25.5,18.826405867970664,-6.673594132029336,6.673594132029336,44.53685863905639
20,doc_rows,2026-05-14,2026-05-13,纳指,513100.SH,20.6,15.699281370923156,-4.900718629076845,4.900718629076845,24.017043081380834
20,doc_rows,2026-05-14,2026-05-13,中证2000,563300.SH,15.5,12.813559322033896,-2.686440677966104,2.686440677966104,7.2169635162309795
20,doc_rows,2026-05-14,2026-05-13,日经225,513520.SH,14.8,10.483042137718401,-4.316957862281599,4.316957862281599,18.636125184714917
20,doc_rows,2026-05-14,2026-05-13,中证A500,159338.SZ,12.2,9.40310711365495,-2.7968928863450486,2.7968928863450486,7.822609817687537
20,doc_rows,2026-05-14,2026-05-13,可转债,511380.SH,4.6,3.311874105865509,-1.2881258941344909,1.2881258941344909,1.6592683191397815
20,doc_rows,2026-05-14,2026-05-13,德国,513030.SH,4.5,1.2899607403253022,-3.210039259674698,3.210039259674698,10.304352048652882
20,doc_rows,2026-05-14,2026-05-13,豆粕,159985.SZ,4.1,3.794428434197905,-0.30557156580209455,0.30557156580209455,0.0933739818267438
20,doc_rows,2026-05-14,2026-05-13,中概互联网,513050.SH,1.5,-0.08278145695362893,-1.582781456953629,1.582781456953629,2.5051971404762523
20,doc_rows,2026-05-14,2026-05-13,印度,164824.SZ,0.9,-2.444614209320095,-3.344614209320095,3.344614209320095,11.186444209185884
20,doc_rows,2026-05-14,2026-05-13,黄金,518880.SH,-0.6,-1.6847172081829065,-1.0847172081829064,1.0847172081829064,1.1766114217281187
20,doc_rows,2026-05-14,2026-05-13,红利低波,512890.SH,-1.0,-0.3386960203217604,0.6613039796782396,0.6613039796782396,0.43732295353827755
20,doc_rows,2026-05-14,2026-05-13,沙特,520830.SH,-2.0,-2.355460385438979,-0.35546038543897884,0.35546038543897884,0.1263520856164274
20,doc_rows,2026-05-14,2026-05-13,华宝油气,162411.SZ,-10.4,-2.0971302428256067,8.302869757174394,8.302869757174394,68.93764620460118
20,doc_rows,2026-05-13,2026-05-12,科创50,588000.SH,32.6,28.339222614840985,-4.260777385159017,4.260777385159017,18.15422392588251
20,doc_rows,2026-05-13,2026-05-12,创业板50,159949.SZ,22.6,20.038167938931295,-2.5618320610687064,2.5618320610687064,6.562983509119537
20,doc_rows,2026-05-13,2026-05-12,纳指,513100.SH,20.1,15.290858725761769,-4.8091412742382325,4.8091412742382325,23.127839795581732
20,doc_rows,2026-05-13,2026-05-12,日经225,513520.SH,14.4,10.742086144265684,-3.657913855734316,3.657913855734316,13.38033377597309
20,doc_rows,2026-05-13,2026-05-12,中证2000,563300.SH,14.2,12.24350205198359,-1.956497948016409,1.956497948016409,3.8278842205924195
20,doc_rows,2026-05-13,2026-05-12,中证A500,159338.SZ,11.3,9.701492537313428,-1.5985074626865732,1.5985074626865732,2.5552261082646663
20,doc_rows,2026-05-13,2026-05-12,德国,513030.SH,4.7,1.7494356659142118,-2.9505643340857883,2.9505643340857883,8.705829889579112
20,doc_rows,2026-05-13,2026-05-12,可转债,511380.SH,4.3,2.2594855762398725,-2.0405144237601274,2.0405144237601274,4.1636991135731245
20,doc_rows,2026-05-13,2026-05-12,豆粕,159985.SZ,3.8,3.8554216867469737,0.0554216867469739,0.0554216867469739,0.0030715633618797022
20,doc_rows,2026-05-13,2026-05-12,印度,164824.SZ,1.6,-1.157407407407418,-2.757407407407418,2.757407407407418,7.6032956104253
20,doc_rows,2026-05-13,2026-05-12,中概互联网,513050.SH,0.9,-0.5785123966942085,-1.4785123966942084,1.4785123966942084,2.1859989071784525
20,doc_rows,2026-05-13,2026-05-12,黄金,518880.SH,-0.2,-1.0294711344368213,-0.8294711344368213,0.8294711344368213,0.6880223628639073
20,doc_rows,2026-05-13,2026-05-12,红利低波,512890.SH,-1.1,-0.5917159763313751,0.508284023668625,0.508284023668625,0.25835264871676733
20,doc_rows,2026-05-13,2026-05-12,沙特,520830.SH,-1.2,-1.3963480128893702,-0.1963480128893702,0.1963480128893702,0.03855254216560429
20,doc_rows,2026-05-13,2026-05-12,华宝油气,162411.SZ,-10.8,-4.999999999999993,5.800000000000008,5.800000000000008,33.64000000000009
20,doc_rows,2026-05-12,2026-05-11,科创50,588000.SH,33.0,27.087719298245606,-5.912280701754394,5.912280701754394,34.95506309633743
20,doc_rows,2026-05-12,2026-05-11,创业板50,159949.SZ,23.3,19.116719242902214,-4.183280757097787,4.183280757097787,17.499837892704633
20,doc_rows,2026-05-12,2026-05-11,纳指,513100.SH,22.2,15.002727768685231,-7.197272231314768,7.197272231314768,51.80072757165466
20,doc_rows,2026-05-12,2026-05-11,日经225,513520.SH,15.8,9.373408048904718,-6.426591951095283,6.426591951095283,41.30108410588267
20,doc_rows,2026-05-12,2026-05-11,中证2000,563300.SH,15.3,11.940298507462677,-3.359701492537324,3.359701492537324,11.287594118957523
20,doc_rows,2026-05-12,2026-05-11,中证A500,159338.SZ,12.0,9.315746084089028,-2.684253915910972,2.684253915910972,7.205219085083387
20,doc_rows,2026-05-12,2026-05-11,德国,513030.SH,6.3,1.6183035714285587,-4.681696428571441,4.681696428571441,21.918281449298586
20,doc_rows,2026-05-12,2026-05-11,可转债,511380.SH,5.4,2.8082337129518242,-2.591766287048176,2.591766287048176,6.717252486679489
20,doc_rows,2026-05-12,2026-05-11,豆粕,159985.SZ,3.9,6.026457618814307,2.126457618814307,2.126457618814307,4.521822004613413
20,doc_rows,2026-05-12,2026-05-11,印度,164824.SZ,3.6,-0.7627765064835978,-4.362776506483598,4.362776506483598,19.033818845525232
20,doc_rows,2026-05-12,2026-05-11,中概互联网,513050.SH,1.8,-0.6546644844517169,-2.454664484451717,2.454664484451717,6.025377731228614
20,doc_rows,2026-05-12,2026-05-11,黄金,518880.SH,-0.0,-3.3521210323346207,-3.3521210323346207,3.3521210323346207,11.236715415420123
20,doc_rows,2026-05-12,2026-05-11,红利低波,512890.SH,-1.0,-1.0084033613445342,-0.008403361344534233,0.008403361344534233,7.061648188681218e-05
20,doc_rows,2026-05-12,2026-05-11,沙特,520830.SH,-1.1,-1.9251336898395754,-0.8251336898395754,0.8251336898395754,0.6808456061082725
20,doc_rows,2026-05-12,2026-05-11,华宝油气,162411.SZ,-12.1,-1.8784530386740328,10.221546961325966,10.221546961325966,104.4800222825921
20,doc_rows,2026-05-11,2026-05-08,科创50,588000.SH,27.1,28.688524590163933,1.5885245901639315,1.5885245901639315,2.5234103735554867
20,doc_rows,2026-05-11,2026-05-08,纳指,513100.SH,19.8,19.226327944572752,-0.5736720554272488,0.5736720554272488,0.32909962717812435
20,doc_rows,2026-05-11,2026-05-08,创业板50,159949.SZ,19.0,22.132796780684096,3.132796780684096,3.132796780684096,9.814415669064635
20,doc_rows,2026-05-11,2026-05-08,日经225,513520.SH,16.7,17.849344978165927,1.149344978165928,1.149344978165928,1.3209938788352373
20,doc_rows,2026-05-11,2026-05-08,中证2000,563300.SH,14.6,16.017009213323874,1.4170092133238743,1.4170092133238743,2.007915110644745
20,doc_rows,2026-05-11,2026-05-08,中证A500,159338.SZ,10.2,11.749571183533458,1.549571183533459,1.549571183533459,2.4011708528372844
20,doc_rows,2026-05-11,2026-05-08,德国,513030.SH,7.5,7.489760093621989,-0.010239906378011199,0.010239906378011199,0.00010485568263043442
20,doc_rows,2026-05-11,2026-05-08,可转债,511380.SH,5.2,5.767686354676216,0.5676863546762156,0.5676863546762156,0.3222677972855701
20,doc_rows,2026-05-11,2026-05-08,印度,164824.SZ,5.0,4.610492845786962,-0.38950715421303794,0.38950715421303794,0.1517158231831393
20,doc_rows,2026-05-11,2026-05-08,中概互联网,513050.SH,3.6,5.636208368915452,2.0362083689154518,2.0362083689154518,4.146144521641324
20,doc_rows,2026-05-11,2026-05-08,豆粕,159985.SZ,2.4,4.282238442822361,1.8822384428223615,1.8822384428223615,3.542821555638348
20,doc_rows,2026-05-11,2026-05-08,黄金,518880.SH,1.4,0.43712513977840484,-0.9628748602215951,0.9628748602215951,0.9271279964467563
20,doc_rows,2026-05-11,2026-05-08,红利低波,512890.SH,-1.1,-0.25423728813558366,0.8457627118644164,0.8457627118644164,0.7153145647802519
20,doc_rows,2026-05-11,2026-05-08,沙特,520830.SH,-1.6,-1.300108342361861,0.2998916576381392,0.2998916576381392,0.08993500632095089
20,doc_rows,2026-05-11,2026-05-08,华宝油气,162411.SZ,-13.5,-12.32464929859719,1.1753507014028095,1.1753507014028095,1.3814492712880764
20,doc_rows,2026-05-08,2026-05-07,科创50,588000.SH,30.9,33.61027190332324,2.710271903323239,2.710271903323239,7.345573789943373
20,doc_rows,2026-05-08,2026-05-07,创业板50,159949.SZ,20.5,23.771043771043775,3.271043771043775,3.271043771043775,10.699727352084281
20,doc_rows,2026-05-08,2026-05-07,纳指,513100.SH,20.2,18.659734257654527,-1.540265742345472,1.540265742345472,2.372418557043048
20,doc_rows,2026-05-08,2026-05-07,日经225,513520.SH,18.9,19.266557197591673,0.3665571975916748,0.3665571975916748,0.13436417910626214
20,doc_rows,2026-05-08,2026-05-07,中证2000,563300.SH,13.9,16.14060258249641,2.2406025824964093,2.2406025824964093,5.0202999326895785
20,doc_rows,2026-05-08,2026-05-07,中证A500,159338.SZ,11.1,12.16795201371037,1.0679520137103697,1.0679520137103697,1.1405215035880338
20,doc_rows,2026-05-08,2026-05-07,德国,513030.SH,10.1,9.8062243100411,-0.293775689958899,0.293775689958899,0.08630415601082717
20,doc_rows,2026-05-08,2026-05-07,印度,164824.SZ,5.8,5.7738572574177915,-0.026142742582208278,0.026142742582208278,0.000683442989719606
20,doc_rows,2026-05-08,2026-05-07,可转债,511380.SH,5.4,6.044197277916008,0.6441972779160077,0.6441972779160077,0.414990132874394
20,doc_rows,2026-05-08,2026-05-07,中概互联网,513050.SH,3.6,6.185567010309279,2.5855670103092785,2.5855670103092785,6.685156764799661
20,doc_rows,2026-05-08,2026-05-07,黄金,518880.SH,2.5,0.8241758241758435,-1.6758241758241565,1.6758241758241565,2.8083866682767136
20,doc_rows,2026-05-08,2026-05-07,豆粕,159985.SZ,0.9,3.5957240038872795,2.6957240038872796,2.6957240038872796,7.266927905134066
20,doc_rows,2026-05-08,2026-05-07,红利低波,512890.SH,-0.9,-0.8417508417508435,0.05824915824915655,0.05824915824915655,0.003392964436735283
20,doc_rows,2026-05-08,2026-05-07,沙特,520830.SH,-1.3,-1.7259978425027023,-0.42599784250270223,0.42599784250270223,0.18147416181695708
20,doc_rows,2026-05-08,2026-05-07,华宝油气,162411.SZ,-12.2,-9.533468559837722,2.6665314401622773,2.6665314401622773,7.110389921373908
20,doc_rows,2026-05-07,2026-05-06,科创50,588000.SH,29.1,31.127819548872182,2.0278195488721806,2.0278195488721806,4.112052122788175
20,doc_rows,2026-05-07,2026-05-06,创业板50,159949.SZ,18.2,21.165438713998654,2.9654387139986547,2.9654387139986547,8.793826766481995
20,doc_rows,2026-05-07,2026-05-06,纳指,513100.SH,17.2,16.79256246368388,-0.40743753631612023,0.40743753631612023,0.1660053459993498
20,doc_rows,2026-05-07,2026-05-06,日经225,513520.SH,15.2,15.136612021857921,-0.06338797814207808,0.06338797814207808,0.004018035772940569
20,doc_rows,2026-05-07,2026-05-06,中证2000,563300.SH,12.2,11.980267794221277,-0.21973220577872254,0.21973220577872254,0.04828224225638287
20,doc_rows,2026-05-07,2026-05-06,中证A500,159338.SZ,10.3,10.647359454855199,0.3473594548551979,0.3473594548551979,0.12065859087730028
20,doc_rows,2026-05-07,2026-05-06,德国,513030.SH,9.0,8.865248226950362,-0.13475177304963815,0.13475177304963815,0.018158040340021185
20,doc_rows,2026-05-07,2026-05-06,可转债,511380.SH,5.5,6.286217266925842,0.786217266925842,0.786217266925842,0.6181375908123408
20,doc_rows,2026-05-07,2026-05-06,印度,164824.SZ,4.7,6.021155410903156,1.321155410903156,1.321155410903156,1.7454516197586871
20,doc_rows,2026-05-07,2026-05-06,黄金,518880.SH,2.3,0.5442596015609036,-1.7557403984390962,1.7557403984390962,3.0826243467110763
20,doc_rows,2026-05-07,2026-05-06,豆粕,159985.SZ,1.4,3.8480038480038337,2.4480038480038337,2.4480038480038337,5.992722839841577
20,doc_rows,2026-05-07,2026-05-06,中概互联网,513050.SH,0.7,2.561912894961571,1.861912894961571,1.861912894961571,3.4667196284241784
20,doc_rows,2026-05-07,2026-05-06,红利低波,512890.SH,-0.3,-1.4987510407993399,-1.1987510407993398,1.1987510407993398,1.4370040578175005
20,doc_rows,2026-05-07,2026-05-06,沙特,520830.SH,-0.9,-2.1505376344086002,-1.2505376344086003,1.2505376344086003,1.5638443750722582
20,doc_rows,2026-05-07,2026-05-06,华宝油气,162411.SZ,-7.9,-8.341511285574077,-0.4415112855740766,0.4415112855740766,0.19493221528927382
20,doc_rows,2026-05-06,2026-04-30,科创50,588000.SH,21.9,20.818115412709993,-1.0818845872900056,1.0818845872900056,1.1704742602156657
20,doc_rows,2026-05-06,2026-04-30,创业板50,159949.SZ,14.2,14.9673202614379,0.7673202614379004,0.7673202614379004,0.5887803836131279
20,doc_rows,2026-05-06,2026-04-30,纳指,513100.SH,13.9,11.815068493150683,-2.0849315068493173,2.0849315068493173,4.346939388252965
20,doc_rows,2026-05-06,2026-04-30,日经225,513520.SH,10.1,6.514830508474589,-3.58516949152541,3.58516949152541,12.853440282964568
20,doc_rows,2026-05-06,2026-04-30,中证2000,563300.SH,9.9,7.958477508650508,-1.9415224913494926,1.9415224913494926,3.7695095844159408
20,doc_rows,2026-05-06,2026-04-30,中证A500,159338.SZ,8.1,7.130872483221484,-0.9691275167785154,0.9691275167785154,0.9392081437772917
20,doc_rows,2026-05-06,2026-04-30,德国,513030.SH,5.7,3.4702139965297807,-2.2297860034702195,2.2297860034702195,4.9719456212716935
20,doc_rows,2026-05-06,2026-04-30,可转债,511380.SH,4.1,3.7981118373275224,-0.3018881626724772,0.3018881626724772,0.09113646276176406
20,doc_rows,2026-05-06,2026-04-30,印度,164824.SZ,4.1,3.5087719298245723,-0.5912280701754273,0.5912280701754273,0.34955063096336003
20,doc_rows,2026-05-06,2026-04-30,黄金,518880.SH,0.9,-3.451715881883466,-4.351715881883466,4.351715881883466,18.937431116636795
20,doc_rows,2026-05-06,2026-04-30,沙特,520830.SH,0.9,-2.0169851380042347,-2.9169851380042346,2.9169851380042346,8.508802295337583
20,doc_rows,2026-05-06,2026-04-30,豆粕,159985.SZ,0.8,5.928466438020585,5.1284664380205855,5.1284664380205855,26.301168005903552
20,doc_rows,2026-05-06,2026-04-30,红利低波,512890.SH,0.0,-0.7518796992481258,-0.7518796992481258,0.7518796992481258,0.5653230821414521
20,doc_rows,2026-05-06,2026-04-30,中概互联网,513050.SH,-1.4,-1.8287614297589405,-0.4287614297589406,0.4287614297589406,0.18383636364893097
20,doc_rows,2026-05-06,2026-04-30,华宝油气,162411.SZ,-7.6,-5.476673427991885,2.1233265720081143,2.1233265720081143,4.50851573139573
20,manual_ret20,2026-07-01,2026-06-30,科创50,588000.SH,24.2,33.637400228050176,9.437400228050176,9.437400228050176,89.06452306440151
20,manual_ret20,2026-07-01,2026-06-30,日经225,513520.SH,13.4,7.84061696658096,-5.55938303341904,5.55938303341904,30.90673971226749
20,manual_ret20,2026-07-01,2026-06-30,创业板50,159949.SZ,8.0,8.86339937434828,0.8633993743482797,0.8633993743482797,0.7454584796250009
20,manual_ret20,2026-07-01,2026-06-30,中证A500,159338.SZ,3.4,5.082095387021113,1.6820953870211128,1.6820953870211128,2.8294448910377072
20,manual_ret20,2026-07-01,2026-06-30,印度,164824.SZ,1.7,1.9638648860958563,0.26386488609585634,0.26386488609585634,0.06962467811437924
20,manual_ret20,2026-07-01,2026-06-30,中证2000,563300.SH,0.9,3.605924018029616,2.705924018029616,2.705924018029616,7.322024791349541
20,manual_ret20,2026-07-01,2026-06-30,纳指,513100.SH,0.3,-6.807610993657509,-7.1076109936575085,7.1076109936575085,50.518134037161076
20,manual_ret20,2026-07-01,2026-06-30,可转债,511380.SH,-1.1,-0.591294436133083,0.5087055638669171,0.5087055638669171,0.2587813507091581
20,manual_ret20,2026-07-01,2026-06-30,沙特,520830.SH,-2.2,-2.5330396475770955,-0.33303964757709537,0.33303964757709537,0.11091540685827589
20,manual_ret20,2026-07-01,2026-06-30,德国,513030.SH,-3.6,-4.582651391162019,-0.9826513911620185,0.9826513911620185,0.9656037565526503
20,manual_ret20,2026-07-01,2026-06-30,豆粕,159985.SZ,-4.3,-4.245055475156767,0.054944524843232756,0.054944524843232756,0.0030189008102486214
20,manual_ret20,2026-07-01,2026-06-30,华宝油气,162411.SZ,-7.0,-5.086705202312148,1.9132947976878523,1.9132947976878523,3.6606969828593994
20,manual_ret20,2026-07-01,2026-06-30,红利低波,512890.SH,-8.1,-9.652836579170199,-1.552836579170199,1.552836579170199,2.4113014416090057
20,manual_ret20,2026-07-01,2026-06-30,黄金,518880.SH,-10.8,-10.338184931506845,0.4618150684931557,0.4618150684931557,0.21327315748733808
20,manual_ret20,2026-07-01,2026-06-30,中概互联网,513050.SH,-14.2,-12.432915921288023,1.7670840787119761,1.7670840787119761,3.1225861412373535
20,manual_ret20,2026-07-01,2026-06-30,科创50,000688.SH,24.2,32.70861759101755,8.50861759101755,8.50861759101755,72.39657331017331
20,manual_ret20,2026-07-01,2026-06-30,创业板,399006.SZ,8.8,9.915868122522742,1.1158681225227411,1.1158681225227411,1.2451616668624272
20,manual_ret20,2026-07-01,2026-06-30,中证500,000905.SH,7.0,9.150964261240645,2.150964261240645,2.150964261240645,4.626647253134514
20,manual_ret20,2026-07-01,2026-06-30,深证100,399330.SZ,3.7,4.111263257780506,0.4112632577805062,0.4112632577805062,0.1691374672002351
20,manual_ret20,2026-07-01,2026-06-30,中证1000,000852.SH,3.6,5.56803788556921,1.9680378855692102,1.9680378855692102,3.873173119035728
20,manual_ret20,2026-07-01,2026-06-30,上证50,000016.SH,2.6,3.3064705638417013,0.7064705638417013,0.7064705638417013,0.4991006575748113
20,manual_ret20,2026-07-01,2026-06-30,沪深300,000300.SH,2.3,2.7903126586929616,0.4903126586929618,0.4903126586929618,0.24040650327456087
20,manual_ret20,2026-07-01,2026-06-30,中证2000,932000.CSI,-1.9,0.7414518272521153,2.6414518272521152,2.6414518272521152,6.977267755693538
20,manual_ret20,2026-07-13,2026-07-10,科创50,588000.SH,25.2,25.79726651480638,0.5972665148063818,0.5972665148063818,0.3567272897089619
20,manual_ret20,2026-07-13,2026-07-10,豆粕,159985.SZ,6.0,6.138613861386144,0.13861386138614407,0.13861386138614407,0.01921380256837716
20,manual_ret20,2026-07-13,2026-07-10,印度,164824.SZ,2.9,3.591380686352763,0.6913806863527632,0.6913806863527632,0.4780072534616179
20,manual_ret20,2026-07-13,2026-07-10,日经225,513520.SH,2.8,3.948535936113573,1.1485359361135732,1.1485359361135732,1.319134796544282
20,manual_ret20,2026-07-13,2026-07-10,德国,513030.SH,0.9,3.6353144835545192,2.7353144835545193,2.7353144835545193,7.481945323943127
20,manual_ret20,2026-07-13,2026-07-10,中证A500,159338.SZ,0.7,2.724358974358987,2.0243589743589867,2.0243589743589867,4.098029257067768
20,manual_ret20,2026-07-13,2026-07-10,可转债,511380.SH,-0.6,0.37642970899087747,0.9764297089908774,0.9764297089908774,0.9534149766000096
20,manual_ret20,2026-07-13,2026-07-10,沙特,520830.SH,-1.6,-1.4476614699331813,0.15233853006681874,0.15233853006681874,0.02320702774291904
20,manual_ret20,2026-07-13,2026-07-10,中证2000,563300.SH,-1.7,0.13245033112583293,1.8324503311258329,1.8324503311258329,3.3578742160431747
20,manual_ret20,2026-07-13,2026-07-10,纳指,513100.SH,-1.8,2.0657276995305285,3.8657276995305283,3.8657276995305283,14.943850646917591
20,manual_ret20,2026-07-13,2026-07-10,中概互联网,513050.SH,-2.3,1.6759776536312776,3.9759776536312774,3.9759776536312774,15.808398302175279
20,manual_ret20,2026-07-13,2026-07-10,华宝油气,162411.SZ,-4.6,-4.761904761904767,-0.16190476190476755,0.16190476190476755,0.02621315192743947
20,manual_ret20,2026-07-13,2026-07-10,红利低波,512890.SH,-4.8,-4.216867469879515,0.5831325301204844,0.5831325301204844,0.3400435476847176
20,manual_ret20,2026-07-13,2026-07-10,创业板50,159949.SZ,-4.9,-1.1904761904761862,3.709523809523814,3.709523809523814,13.76056689342407
20,manual_ret20,2026-07-13,2026-07-10,黄金,518880.SH,-5.5,0.41147425346814703,5.911474253468147,5.911474253468147,34.945527849416784
20,manual_ret20,2026-07-13,2026-07-10,科创50,000688.SH,25.2,24.213806212555046,-0.9861937874449538,0.9861937874449538,0.9725781863950227
20,manual_ret20,2026-07-13,2026-07-10,中证500,000905.SH,4.9,5.826316798120401,0.9263167981204008,0.9263167981204008,0.8580628104800314
20,manual_ret20,2026-07-13,2026-07-10,上证50,000016.SH,3.6,3.851127227750606,0.2511272277506058,0.2511272277506058,0.06306488451770464
20,manual_ret20,2026-07-13,2026-07-10,沪深300,000300.SH,-0.3,1.2362331944917981,1.5362331944917982,1.5362331944917982,2.360012427858475
20,manual_ret20,2026-07-13,2026-07-10,中证1000,000852.SH,-0.7,0.47625759089153785,1.1762575908915378,1.1762575908915378,1.3835819201299644
20,manual_ret20,2026-07-13,2026-07-10,创业板,399006.SZ,-2.5,0.8259757297474524,3.3259757297474524,3.3259757297474524,11.062114554869098
20,manual_ret20,2026-07-13,2026-07-10,中证2000,932000.CSI,-2.9,-2.2077277942441964,0.6922722057558035,0.6922722057558035,0.47924080686200554
20,manual_ret20,2026-07-13,2026-07-10,深证100,399330.SZ,-3.2,-0.24761033544454802,2.952389664555452,2.952389664555452,8.716604731373856
20,manual_user_0715_ret20,2026-07-15,2026-07-14,科创50,588000.SH,19.3,13.06941431670281,-6.230585683297191,6.230585683297191,38.820197956907926
20,manual_user_0715_ret20,2026-07-15,2026-07-14,华宝油气,162411.SZ,2.4,4.620853080568721,2.220853080568721,2.220853080568721,4.932188405471578
20,manual_user_0715_ret20,2026-07-15,2026-07-14,印度,164824.SZ,1.3,-0.6949806949806847,-1.9949806949806848,1.9949806949806848,3.979947973345616
20,manual_user_0715_ret20,2026-07-15,2026-07-14,中证A500,159338.SZ,-0.1,-2.3183925811437467,-2.2183925811437466,2.2183925811437466,4.921265644073614
20,manual_user_0715_ret20,2026-07-15,2026-07-14,日经225,513520.SH,-0.6,-6.533278889342576,-5.933278889342576,5.933278889342576,35.203798378718275
23,doc_rows,2026-06-26,2026-06-25,日经225,513520.SH,22.4,21.62288930581613,-0.7771106941838681,0.7771106941838681,0.6039010310149334
23,doc_rows,2026-06-26,2026-06-25,科创50,588000.SH,14.9,15.421303656597773,0.5213036565977731,0.5213036565977731,0.27175750238220897
23,doc_rows,2026-06-26,2026-06-25,创业板50,159949.SZ,10.6,11.550632911392423,0.9506329113924235,0.9506329113924235,0.9037029322224353
23,doc_rows,2026-06-26,2026-06-25,纳指,513100.SH,4.6,2.889095992544277,-1.7109040074557225,1.7109040074557225,2.927192522728051
23,doc_rows,2026-06-26,2026-06-25,中证A500,159338.SZ,3.7,4.166666666666674,0.4666666666666739,0.4666666666666739,0.2177777777777845
23,doc_rows,2026-06-26,2026-06-25,印度,164824.SZ,3.1,3.1372549019607954,0.037254901960795284,0.037254901960795284,0.0013879277201084683
23,doc_rows,2026-06-26,2026-06-25,中证2000,563300.SH,-0.3,-0.9821976672805377,-0.6821976672805377,0.6821976672805377,0.46539365724300713
23,doc_rows,2026-06-26,2026-06-25,沙特,520830.SH,-0.5,-0.8800880088008833,-0.38008800880088334,0.38008800880088334,0.14446689443422037
23,doc_rows,2026-06-26,2026-06-25,可转债,511380.SH,-1.8,-1.7052288969079399,0.09477110309206016,0.09477110309206016,0.008981561981285895
23,doc_rows,2026-06-26,2026-06-25,德国,513030.SH,-2.5,-2.7808676307007785,-0.28086763070077847,0.28086763070077847,0.07888662597546887
23,doc_rows,2026-06-26,2026-06-25,豆粕,159985.SZ,-4.2,-4.174664107485604,0.02533589251439583,0.02533589251439583,0.0006419074495010187
23,doc_rows,2026-06-26,2026-06-25,红利低波,512890.SH,-6.2,-5.974025974025965,0.22597402597403526,0.22597402597403526,0.051064260414913965
23,doc_rows,2026-06-26,2026-06-25,华宝油气,162411.SZ,-11.6,-12.168141592920357,-0.568141592920357,0.568141592920357,0.3227848696060807
23,doc_rows,2026-06-26,2026-06-25,黄金,518880.SH,-12.1,-12.408836275235169,-0.3088362752351692,0.3088362752351692,0.09537984490113319
23,doc_rows,2026-06-26,2026-06-25,中概互联网,513050.SH,-16.0,-15.771230502599654,0.22876949740034647,0.22876949740034647,0.05233548294080713
23,doc_rows,2026-06-23,2026-06-22,日经225,513520.SH,23.5,27.18399219131282,3.6839921913128215,3.6839921913128215,13.571798465653844
23,doc_rows,2026-06-23,2026-06-22,创业板50,159949.SZ,11.5,12.579957356076775,1.0799573560767755,1.0799573560767755,1.1663078909443392
23,doc_rows,2026-06-23,2026-06-22,科创50,588000.SH,10.3,9.887760555852498,-0.41223944414750235,0.41223944414750235,0.1699413593110417
23,doc_rows,2026-06-23,2026-06-22,纳指,513100.SH,7.8,9.91695163654127,2.1169516365412706,2.1169516365412706,4.481484231454764
23,doc_rows,2026-06-23,2026-06-22,中证A500,159338.SZ,3.7,4.157043879907629,0.45704387990762907,0.45704387990762907,0.20888910816101927
23,doc_rows,2026-06-23,2026-06-22,印度,164824.SZ,1.8,2.2047244094488105,0.4047244094488105,0.4047244094488105,0.1638018476036884
23,doc_rows,2026-06-23,2026-06-22,中证2000,563300.SH,0.3,-0.42630937880632214,-0.7263093788063222,0.7263093788063222,0.5275253137420256
23,doc_rows,2026-06-23,2026-06-22,德国,513030.SH,-0.2,0.8488964346349714,1.0488964346349714,1.0488964346349714,1.100183730589955
23,doc_rows,2026-06-23,2026-06-22,沙特,520830.SH,-0.5,-0.11037527593819041,0.3896247240618096,0.3896247240618096,0.15180742560024127
23,doc_rows,2026-06-23,2026-06-22,可转债,511380.SH,-1.4,-2.1740645251202118,-0.7740645251202118,0.7740645251202118,0.5991758890495791
23,doc_rows,2026-06-23,2026-06-22,红利低波,512890.SH,-4.4,-4.704875962360989,-0.30487596236098824,0.30487596236098824,0.09294935242553871
23,doc_rows,2026-06-23,2026-06-22,豆粕,159985.SZ,-5.7,-6.267672007540048,-0.5676720075400477,0.5676720075400477,0.3222515081445479
23,doc_rows,2026-06-23,2026-06-22,黄金,518880.SH,-8.9,-8.397267472411995,0.5027325275880052,0.5027325275880052,0.2527399942950245
23,doc_rows,2026-06-23,2026-06-22,华宝油气,162411.SZ,-11.5,-13.606911447084236,-2.1069114470842365,2.1069114470842365,4.439075845854592
23,doc_rows,2026-06-23,2026-06-22,中概互联网,513050.SH,-13.0,-14.106844741235392,-1.106844741235392,1.106844741235392,1.2251052812004417
23,doc_rows,2026-06-22,2026-06-18,日经225,513520.SH,19.7,22.957198443579774,3.2571984435797745,3.2571984435797745,10.609341700858506
23,doc_rows,2026-06-22,2026-06-18,科创50,588000.SH,9.3,11.869107043815852,2.569107043815851,2.569107043815851,6.600311002584222
23,doc_rows,2026-06-22,2026-06-18,创业板50,159949.SZ,8.9,9.062003179650224,0.16200317965022393,0.16200317965022393,0.02624503021678273
23,doc_rows,2026-06-22,2026-06-18,纳指,513100.SH,8.7,9.680542110358182,0.9805421103581828,0.9805421103581828,0.9614628301856788
23,doc_rows,2026-06-22,2026-06-18,印度,164824.SZ,3.2,4.196357878068113,0.996357878068113,0.996357878068113,0.9927290211883928
23,doc_rows,2026-06-22,2026-06-18,中证A500,159338.SZ,1.3,2.5581395348837077,1.2581395348837077,1.2581395348837077,1.5829150892373922
23,doc_rows,2026-06-22,2026-06-18,德国,513030.SH,-0.0,3.240740740740744,3.240740740740744,3.240740740740744,10.502400548696865
23,doc_rows,2026-06-22,2026-06-18,沙特,520830.SH,-0.3,0.11061946902655162,0.4106194690265516,0.4106194690265516,0.16860834834364719
23,doc_rows,2026-06-22,2026-06-18,中证2000,563300.SH,-0.6,-0.2460024600245858,0.35399753997541417,0.35399753997541417,0.12531425830864495
23,doc_rows,2026-06-22,2026-06-18,可转债,511380.SH,-1.4,-0.3188775510204023,1.0811224489795976,1.0811224489795976,1.1688257496876426
23,doc_rows,2026-06-22,2026-06-18,红利低波,512890.SH,-4.6,-3.87931034482758,0.7206896551724196,0.7206896551724196,0.519393579072541
23,doc_rows,2026-06-22,2026-06-18,豆粕,159985.SZ,-5.5,-4.206500956022952,1.2934990439770484,1.2934990439770484,1.6731397767695382
23,doc_rows,2026-06-22,2026-06-18,黄金,518880.SH,-7.3,-6.359718280248083,0.9402817197519164,0.9402817197519164,0.8841297124996215
23,doc_rows,2026-06-22,2026-06-18,华宝油气,162411.SZ,-10.3,-12.67454350161118,-2.3745435016111784,2.3745435016111784,5.638456841043877
23,doc_rows,2026-06-22,2026-06-18,中概互联网,513050.SH,-13.4,-12.55301102629348,0.8469889737065195,0.8469889737065195,0.7173903215804232
23,doc_rows,2026-06-18,2026-06-17,日经225,513520.SH,16.5,17.93764988009592,1.4376498800959183,1.4376498800959183,2.0668371777398082
23,doc_rows,2026-06-18,2026-06-17,纳指,513100.SH,9.4,8.523809523809511,-0.8761904761904891,0.8761904761904891,0.767709750566916
23,doc_rows,2026-06-18,2026-06-17,创业板50,159949.SZ,6.9,6.342494714587743,-0.5575052854122573,0.5575052854122573,0.3108121432626025
23,doc_rows,2026-06-18,2026-06-17,科创50,588000.SH,6.0,8.505875769446014,2.505875769446014,2.505875769446014,6.279413371896653
23,doc_rows,2026-06-18,2026-06-17,印度,164824.SZ,2.6,2.9803921568627434,0.3803921568627433,0.3803921568627433,0.1446981930026899
23,doc_rows,2026-06-18,2026-06-17,中证A500,159338.SZ,0.6,1.4671814671814776,0.8671814671814776,0.8671814671814776,0.7520036970230201
23,doc_rows,2026-06-18,2026-06-17,德国,513030.SH,-0.0,0.6756756756756799,0.6756756756756799,0.6756756756756799,0.45653761869978654
23,doc_rows,2026-06-18,2026-06-17,沙特,520830.SH,-0.1,-0.22099447513812542,-0.12099447513812542,0.12099447513812542,0.014639663013950449
23,doc_rows,2026-06-18,2026-06-17,可转债,511380.SH,-1.0,0.269121813031159,1.269121813031159,1.269121813031159,1.6106701763114961
23,doc_rows,2026-06-18,2026-06-17,中证2000,563300.SH,-1.4,-0.37105751391465214,1.0289424860853478,1.0289424860853478,1.0587226396714962
23,doc_rows,2026-06-18,2026-06-17,红利低波,512890.SH,-2.6,-2.313624678663251,0.28637532133674926,0.28637532133674926,0.08201082467072639
23,doc_rows,2026-06-18,2026-06-17,豆粕,159985.SZ,-4.6,-2.920057443752988,1.6799425562470116,1.6799425562470116,2.8222069922897437
23,doc_rows,2026-06-18,2026-06-17,黄金,518880.SH,-7.2,-6.248691647477489,0.9513083525225108,0.9513083525225108,0.9049875815790936
23,doc_rows,2026-06-18,2026-06-17,华宝油气,162411.SZ,-9.6,-8.72483221476511,0.8751677852348898,0.8751677852348898,0.7659186523129422
23,doc_rows,2026-06-18,2026-06-17,中概互联网,513050.SH,-11.9,-11.260504201680666,0.6394957983193343,0.6394957983193343,0.40895487606808273
23,doc_rows,2026-06-17,2026-06-16,日经225,513520.SH,15.7,15.630885122410533,-0.06911487758946677,0.06911487758946677,0.004776866304206976
23,doc_rows,2026-06-17,2026-06-16,纳指,513100.SH,9.2,8.313539192399034,-0.8864608076009652,0.8864608076009652,0.7858127634125555
23,doc_rows,2026-06-17,2026-06-16,创业板50,159949.SZ,5.5,4.197271773347322,-1.302728226652678,1.302728226652678,1.6971008325176313
23,doc_rows,2026-06-17,2026-06-16,印度,164824.SZ,2.1,2.102803738317749,0.0028037383177488273,0.0028037383177488273,7.860948554413024e-06
23,doc_rows,2026-06-17,2026-06-16,科创50,588000.SH,2.0,2.203856749311295,0.20385674931129483,0.20385674931129483,0.0415575742397681
23,doc_rows,2026-06-17,2026-06-16,沙特,520830.SH,-0.2,-0.5494505494505475,-0.3494505494505475,0.3494505494505475,0.12211568651128954
23,doc_rows,2026-06-17,2026-06-16,德国,513030.SH,-0.6,-0.4456824512534818,0.15431754874651815,0.15431754874651815,0.023813905851134007
23,doc_rows,2026-06-17,2026-06-16,可转债,511380.SH,-0.9,-0.08432295692503144,0.8156770430749686,0.8156770430749686,0.6653290385995242
23,doc_rows,2026-06-17,2026-06-16,中证A500,159338.SZ,-1.0,-1.067887109077037,-0.06788710907703699,0.06788710907703699,0.004608659578837518
23,doc_rows,2026-06-17,2026-06-16,中证2000,563300.SH,-1.9,-1.5328019619865074,0.3671980380134925,0.3671980380134925,0.13483439912095826
23,doc_rows,2026-06-17,2026-06-16,红利低波,512890.SH,-2.3,-2.6360544217686965,-0.3360544217686967,0.3360544217686967,0.1129325743902931
23,doc_rows,2026-06-17,2026-06-16,豆粕,159985.SZ,-5.4,-6.016791044776115,-0.6167910447761145,0.6167910447761145,0.38043119291601085
23,doc_rows,2026-06-17,2026-06-16,黄金,518880.SH,-7.7,-8.637059724349161,-0.9370597243491607,0.9370597243491607,0.8780809269973251
23,doc_rows,2026-06-17,2026-06-16,华宝油气,162411.SZ,-8.0,-5.909090909090919,2.090909090909081,2.090909090909081,4.37190082644624
23,doc_rows,2026-06-17,2026-06-16,中概互联网,513050.SH,-12.2,-13.043478260869568,-0.8434782608695688,0.8434782608695688,0.7114555765595524
23,doc_rows,2026-06-16,2026-06-15,日经225,513520.SH,13.9,13.90697674418604,0.006976744186038886,0.006976744186038886,4.8674959437427396e-05
23,doc_rows,2026-06-16,2026-06-15,纳指,513100.SH,8.4,7.883420926899198,-0.516579073100802,0.516579073100802,0.2668539387656837
23,doc_rows,2026-06-16,2026-06-15,创业板50,159949.SZ,4.4,0.6687242798353976,-3.7312757201646027,3.7312757201646027,13.922418499889876
23,doc_rows,2026-06-16,2026-06-15,科创50,588000.SH,2.4,-1.1260053619302934,-3.5260053619302933,3.5260053619302933,12.432713812361179
23,doc_rows,2026-06-16,2026-06-15,印度,164824.SZ,0.5,1.4095536413469167,0.9095536413469167,0.9095536413469167,0.8272878264874357
23,doc_rows,2026-06-16,2026-06-15,德国,513030.SH,0.2,0.11074197120708451,-0.0892580287929155,0.0892580287929155,0.007966995703996933
23,doc_rows,2026-06-16,2026-06-15,沙特,520830.SH,0.1,-0.21929824561403022,-0.3192982456140302,0.3192982456140302,0.10195136965219756
23,doc_rows,2026-06-16,2026-06-15,红利低波,512890.SH,-1.1,-1.35938827527613,-0.25938827527612984,0.25938827527612984,0.06728227735072531
23,doc_rows,2026-06-16,2026-06-15,中证A500,159338.SZ,-1.2,-3.288490284005985,-2.088490284005985,2.088490284005985,4.361791666387401
23,doc_rows,2026-06-16,2026-06-15,可转债,511380.SH,-1.4,-1.9455791733019367,-0.5455791733019368,0.5455791733019368,0.29765663434082484
23,doc_rows,2026-06-16,2026-06-15,中证2000,563300.SH,-3.0,-4.867788461538458,-1.8677884615384581,1.8677884615384581,3.4886337370562
23,doc_rows,2026-06-16,2026-06-15,豆粕,159985.SZ,-5.6,-6.6635816751503985,-1.0635816751503988,1.0635816751503988,1.1312059797157286
23,doc_rows,2026-06-16,2026-06-15,华宝油气,162411.SZ,-6.2,-4.847801578354005,1.352198421645995,1.352198421645995,1.82844057150192
23,doc_rows,2026-06-16,2026-06-15,黄金,518880.SH,-8.3,-8.935128518971847,-0.6351285189718467,0.6351285189718467,0.4033882356113715
23,doc_rows,2026-06-16,2026-06-15,中概互联网,513050.SH,-10.1,-10.024855012427503,0.07514498757249655,0.07514498757249655,0.00564676915727066
23,doc_rows,2026-06-15,2026-06-12,日经225,513520.SH,8.0,7.403936269915645,-0.5960637300843548,0.5960637300843548,0.35529197032207455
23,doc_rows,2026-06-15,2026-06-12,纳指,513100.SH,3.8,3.892359442575688,0.09235944257568818,0.09235944257568818,0.008530266632891841
23,doc_rows,2026-06-15,2026-06-12,红利低波,512890.SH,-0.3,-0.3401360544217691,-0.040136054421769096,0.040136054421769096,0.0016109028645472107
23,doc_rows,2026-06-15,2026-06-12,创业板50,159949.SZ,-0.4,-1.6958134605193464,-1.2958134605193465,1.2958134605193465,1.679132524463124
23,doc_rows,2026-06-15,2026-06-12,沙特,520830.SH,-0.5,-1.089324618736387,-0.589324618736387,0.589324618736387,0.34730350624878786
23,doc_rows,2026-06-15,2026-06-12,科创50,588000.SH,-1.3,-3.3039647577092546,-2.0039647577092543,2.0039647577092543,4.015874750140711
23,doc_rows,2026-06-15,2026-06-12,印度,164824.SZ,-2.4,-1.5612802498048417,0.8387197501951582,0.8387197501951582,0.7034508193674286
23,doc_rows,2026-06-15,2026-06-12,德国,513030.SH,-2.9,-2.66222961730449,0.23777038269550976,0.23777038269550976,0.05653475488716917
23,doc_rows,2026-06-15,2026-06-12,可转债,511380.SH,-3.0,-3.2170650361311837,-0.21706503613118366,0.21706503613118366,0.047117229910632066
23,doc_rows,2026-06-15,2026-06-12,中证A500,159338.SZ,-3.3,-4.459561602418738,-1.159561602418738,1.159561602418738,1.3445831098039116
23,doc_rows,2026-06-15,2026-06-12,华宝油气,162411.SZ,-4.4,-3.5834266517357216,0.8165733482642787,0.8165733482642787,0.666792033095535
23,doc_rows,2026-06-15,2026-06-12,豆粕,159985.SZ,-5.8,-6.4037122969837545,-0.6037122969837547,0.6037122969837547,0.3644685375294013
23,doc_rows,2026-06-15,2026-06-12,中证2000,563300.SH,-6.2,-7.190737355271182,-0.9907373552711816,0.9907373552711816,0.9815605071297354
23,doc_rows,2026-06-15,2026-06-12,中概互联网,513050.SH,-10.3,-10.058187863674151,0.24181213632584964,0.24181213632584964,0.05847310927447129
23,doc_rows,2026-06-15,2026-06-12,黄金,518880.SH,-11.3,-11.696920252906374,-0.3969202529063729,0.3969202529063729,0.15754568716725903
23,doc_rows,2026-06-12,2026-06-11,日经225,513520.SH,6.3,4.983698183511898,-1.3163018164881022,1.3163018164881022,1.7326504720898774
23,doc_rows,2026-06-12,2026-06-11,纳指,513100.SH,2.8,1.0436432637570991,-1.7563567362429007,1.7563567362429007,3.0847889849458143
23,doc_rows,2026-06-12,2026-06-11,科创50,588000.SH,-0.0,-3.036996134732184,-3.036996134732184,3.036996134732184,9.223345522378224
23,doc_rows,2026-06-12,2026-06-11,创业板50,159949.SZ,-0.2,-2.1186440677966045,-1.9186440677966046,1.9186440677966046,3.6811950588911015
23,doc_rows,2026-06-12,2026-06-11,红利低波,512890.SH,-1.5,-1.358234295415961,0.14176570458403903,0.14176570458403903,0.020097514996209025
23,doc_rows,2026-06-12,2026-06-11,沙特,520830.SH,-1.8,-2.071973827699025,-0.2719738276990251,0.2719738276990251,0.07396976295325901
23,doc_rows,2026-06-12,2026-06-11,华宝油气,162411.SZ,-1.8,-0.6756756756756799,1.1243243243243202,1.1243243243243202,1.2641051862673391
23,doc_rows,2026-06-12,2026-06-11,印度,164824.SZ,-3.4,-3.68946963873944,-0.28946963873944,0.28946963873944,0.0837926717519419
23,doc_rows,2026-06-12,2026-06-11,可转债,511380.SH,-3.9,-4.953901197192789,-1.0539011971927894,1.0539011971927894,1.1107077334443949
23,doc_rows,2026-06-12,2026-06-11,中证A500,159338.SZ,-4.4,-5.882352941176472,-1.4823529411764715,1.4823529411764715,2.197370242214536
23,doc_rows,2026-06-12,2026-06-11,德国,513030.SH,-4.4,-4.83250961010433,-0.4325096101043293,0.4325096101043293,0.18706456283259895
23,doc_rows,2026-06-12,2026-06-11,豆粕,159985.SZ,-5.9,-6.654343807763407,-0.7543438077634068,0.7543438077634068,0.5690345803109956
23,doc_rows,2026-06-12,2026-06-11,中证2000,563300.SH,-6.5,-8.484848484848484,-1.9848484848484844,1.9848484848484844,3.939623507805324
23,doc_rows,2026-06-12,2026-06-11,中概互联网,513050.SH,-11.1,-11.532125205930798,-0.43212520593079873,0.43212520593079873,0.1867321936007352
23,doc_rows,2026-06-12,2026-06-11,黄金,518880.SH,-12.8,-12.973194188663795,-0.17319418866379444,0.17319418866379444,0.02999622698691002
23,doc_rows,2026-06-11,2026-06-10,日经225,513520.SH,6.2,4.214914312181572,-1.9850856878184278,1.9850856878184278,3.9405651879815604
23,doc_rows,2026-06-11,2026-06-10,纳指,513100.SH,4.1,3.777239709443081,-0.3227602905569187,0.3227602905569187,0.10417420516038657
23,doc_rows,2026-06-11,2026-06-10,创业板50,159949.SZ,2.1,2.8006589785832148,0.7006589785832147,0.7006589785832147,0.4909230042692737
23,doc_rows,2026-06-11,2026-06-10,科创50,588000.SH,0.6,0.9843659525188064,0.38436595251880645,0.38436595251880645,0.14773718545568937
23,doc_rows,2026-06-11,2026-06-10,红利低波,512890.SH,-0.8,-0.4248088360238045,0.37519116397619556,0.37519116397619556,0.14076840952581246
23,doc_rows,2026-06-11,2026-06-10,沙特,520830.SH,-1.8,-1.4270032930845278,0.37299670691547226,0.37299670691547226,0.13912654336978672
23,doc_rows,2026-06-11,2026-06-10,印度,164824.SZ,-2.4,-3.49544072948329,-1.0954407294832902,1.0954407294832902,1.199990391810883
23,doc_rows,2026-06-11,2026-06-10,德国,513030.SH,-3.5,-4.6815459989112735,-1.1815459989112735,1.1815459989112735,1.3960509475432392
23,doc_rows,2026-06-11,2026-06-10,中证A500,159338.SZ,-3.6,-3.7605525709900167,-0.16055257099001663,0.16055257099001663,0.02577712805150433
23,doc_rows,2026-06-11,2026-06-10,可转债,511380.SH,-4.3,-4.949264858148683,-0.6492648581486833,0.6492648581486833,0.42154485602682984
23,doc_rows,2026-06-11,2026-06-10,华宝油气,162411.SZ,-4.6,-1.9428571428571462,2.6571428571428535,2.6571428571428535,7.060408163265286
23,doc_rows,2026-06-11,2026-06-10,中证2000,563300.SH,-5.3,-7.086133170433728,-1.786133170433728,1.786133170433728,3.1902717025236407
23,doc_rows,2026-06-11,2026-06-10,豆粕,159985.SZ,-6.9,-6.439570695286978,0.46042930471302235,0.46042930471302235,0.21199514463851718
23,doc_rows,2026-06-11,2026-06-10,中概互联网,513050.SH,-8.7,-10.913500404203713,-2.213500404203714,2.213500404203714,4.899584039410005
23,doc_rows,2026-06-11,2026-06-10,黄金,518880.SH,-10.7,-11.578947368421055,-0.8789473684210556,0.8789473684210556,0.7725484764542988
23,doc_rows,2026-06-09,2026-06-08,日经225,513520.SH,6.6,5.932605600379692,-0.6673943996203073,0.6673943996203073,0.4454152846445505
23,doc_rows,2026-06-09,2026-06-08,纳指,513100.SH,5.0,5.174129353233825,0.17412935323382506,0.17412935323382506,0.03032103165763022
23,doc_rows,2026-06-09,2026-06-08,创业板50,159949.SZ,2.9,2.3770038695411833,-0.5229961304588167,0.5229961304588167,0.27352495247489556
23,doc_rows,2026-06-09,2026-06-08,华宝油气,162411.SZ,1.3,-2.248394004282661,-3.5483940042826614,3.5483940042826614,12.59110000962914
23,doc_rows,2026-06-09,2026-06-08,科创50,588000.SH,0.3,-3.497706422018343,-3.7977064220183427,3.7977064220183427,14.422574067839363
23,doc_rows,2026-06-09,2026-06-08,红利低波,512890.SH,-1.7,-1.5215553677092153,0.17844463229078467,0.17844463229078467,0.03184248679339335
23,doc_rows,2026-06-09,2026-06-08,沙特,520830.SH,-2.7,-1.8681318681318726,0.8318681318681276,0.8318681318681276,0.6920045888177685
23,doc_rows,2026-06-09,2026-06-08,中证A500,159338.SZ,-3.6,-4.311008468052336,-0.7110084680523356,0.7110084680523356,0.5055330416421292
23,doc_rows,2026-06-09,2026-06-08,德国,513030.SH,-3.7,-5.157437567861023,-1.4574375678610227,1.4574375678610227,2.124124264212653
23,doc_rows,2026-06-09,2026-06-08,可转债,511380.SH,-3.8,-4.596273291925468,-0.796273291925468,0.796273291925468,0.6340511554338216
23,doc_rows,2026-06-09,2026-06-08,印度,164824.SZ,-4.0,-3.7605525709900167,0.23944742900998328,0.23944742900998328,0.057335071259490986
23,doc_rows,2026-06-09,2026-06-08,中证2000,563300.SH,-4.6,-4.9087476400251795,-0.30874764002517985,0.30874764002517985,0.09532510522111803
23,doc_rows,2026-06-09,2026-06-08,豆粕,159985.SZ,-7.5,-7.781380268642879,-0.281380268642879,0.281380268642879,0.07917485558153876
23,doc_rows,2026-06-09,2026-06-08,黄金,518880.SH,-8.6,-8.55888060463692,0.04111939536307929,0.04111939536307929,0.0016908046750252269
23,doc_rows,2026-06-09,2026-06-08,中概互联网,513050.SH,-9.0,-8.659450457951712,0.34054954204828825,0.34054954204828825,0.11597399058929884
23,doc_rows,2026-06-08,2026-06-05,日经225,513520.SH,11.9,13.873694679264048,1.9736946792640477,1.9736946792640477,3.8954706869552123
23,doc_rows,2026-06-08,2026-06-05,纳指,513100.SH,10.9,12.55742725880551,1.6574272588055088,1.6574272588055088,2.747065118231543
23,doc_rows,2026-06-08,2026-06-05,创业板50,159949.SZ,7.7,9.550881182490055,1.8508811824900553,1.8508811824900553,3.4257611516957853
23,doc_rows,2026-06-08,2026-06-05,科创50,588000.SH,7.0,6.590084643288985,-0.4099153567110152,0.4099153567110152,0.16803059966751882
23,doc_rows,2026-06-08,2026-06-05,中证A500,159338.SZ,-0.6,-0.0783085356303781,0.5216914643696219,0.5216914643696219,0.27216198399612046
23,doc_rows,2026-06-08,2026-06-05,中证2000,563300.SH,-0.7,0.19230769230769162,0.8923076923076916,0.8923076923076916,0.796213017751478
23,doc_rows,2026-06-08,2026-06-05,德国,513030.SH,-1.0,0.3353828954723248,1.3353828954723248,1.3353828954723248,1.78324747752005
23,doc_rows,2026-06-08,2026-06-05,华宝油气,162411.SZ,-1.1,-4.399141630901293,-3.299141630901293,3.299141630901293,10.884335500746044
23,doc_rows,2026-06-08,2026-06-05,红利低波,512890.SH,-2.4,-2.4410774410774327,-0.04107744107743283,0.04107744107743283,0.001687356165469966
23,doc_rows,2026-06-08,2026-06-05,沙特,520830.SH,-2.5,-2.600216684723733,-0.10021668472373291,0.10021668472373291,0.01004338389701608
23,doc_rows,2026-06-08,2026-06-05,可转债,511380.SH,-2.9,-2.4137689778213067,0.4862310221786932,0.4862310221786932,0.23642060692893682
23,doc_rows,2026-06-08,2026-06-05,印度,164824.SZ,-3.2,-2.3882896764252814,0.8117103235747187,0.8117103235747187,0.6588736493977746
23,doc_rows,2026-06-08,2026-06-05,黄金,518880.SH,-5.6,-4.401735895846248,1.1982641041537514,1.1982641041537514,1.4358368633033924
23,doc_rows,2026-06-08,2026-06-05,中概互联网,513050.SH,-6.5,-4.403048264182896,2.096951735817104,2.096951735817104,4.3972065823463655
23,doc_rows,2026-06-08,2026-06-05,豆粕,159985.SZ,-6.6,-7.076780758556889,-0.47678075855688906,0.47678075855688906,0.22731989173008255
23,doc_rows,2026-06-05,2026-06-04,日经225,513520.SH,16.0,16.082881105081405,0.08288110508140534,0.08288110508140534,0.006869277579514953
23,doc_rows,2026-06-05,2026-06-04,纳指,513100.SH,14.4,14.169215086646304,-0.23078491335369655,0.23078491335369655,0.05326167623167322
23,doc_rows,2026-06-05,2026-06-04,科创50,588000.SH,13.1,16.31746031746033,3.217460317460331,3.217460317460331,10.352050894431933
23,doc_rows,2026-06-05,2026-06-04,创业板50,159949.SZ,12.1,13.144475920679909,1.0444759206799095,1.0444759206799095,1.0909299488801445
23,doc_rows,2026-06-05,2026-06-04,中证A500,159338.SZ,1.4,1.8067556952081842,0.40675569520818433,0.40675569520818433,0.16545019558429336
23,doc_rows,2026-06-05,2026-06-04,中证2000,563300.SH,-0.3,0.7101355713363455,1.0101355713363456,1.0101355713363456,1.0203738724790052
23,doc_rows,2026-06-05,2026-06-04,华宝油气,162411.SZ,-0.7,-1.5452538631346546,-0.8452538631346547,0.8452538631346547,0.7144540931440575
23,doc_rows,2026-06-05,2026-06-04,德国,513030.SH,-1.4,-0.278551532033422,1.121448467966578,1.121448467966578,1.2576466663045849
23,doc_rows,2026-06-05,2026-06-04,可转债,511380.SH,-2.4,-2.1733053808525526,0.22669461914744726,0.22669461914744726,0.05139045035040616
23,doc_rows,2026-06-05,2026-06-04,红利低波,512890.SH,-2.6,-3.096234309623447,-0.4962343096234467,0.4962343096234467,0.2462484900474588
23,doc_rows,2026-06-05,2026-06-04,沙特,520830.SH,-2.7,-3.1317494600431983,-0.43174946004319814,0.43174946004319814,0.18640759624759315
23,doc_rows,2026-06-05,2026-06-04,印度,164824.SZ,-3.7,-4.459561602418738,-0.7595616024187377,0.7595616024187377,0.5769338278689206
23,doc_rows,2026-06-05,2026-06-04,黄金,518880.SH,-5.4,-3.6007056137802307,1.7992943862197697,1.7992943862197697,3.237460288281978
23,doc_rows,2026-06-05,2026-06-04,豆粕,159985.SZ,-5.7,-6.28175519630485,-0.58175519630485,0.58175519630485,0.3384391084276945
23,doc_rows,2026-06-05,2026-06-04,中概互联网,513050.SH,-6.2,-5.025125628140703,1.174874371859297,1.174874371859297,1.3803297896517779
23,doc_rows,2026-06-04,2026-06-03,纳指,513100.SH,17.8,17.116658176260824,-0.6833418237391768,0.6833418237391768,0.46695604807118424
23,doc_rows,2026-06-04,2026-06-03,日经225,513520.SH,17.6,16.76470588235295,-0.8352941176470523,0.8352941176470523,0.6977162629757676
23,doc_rows,2026-06-04,2026-06-03,科创50,588000.SH,14.1,16.262755102040806,2.1627551020408067,2.1627551020408067,4.67750963140354
23,doc_rows,2026-06-04,2026-06-03,创业板50,159949.SZ,13.6,17.472335468840996,3.872335468840996,3.872335468840996,14.994981983244015
23,doc_rows,2026-06-04,2026-06-03,中证A500,159338.SZ,2.5,3.984063745019917,1.4840637450199168,1.4840637450199168,2.2024451992825407
23,doc_rows,2026-06-04,2026-06-03,中证2000,563300.SH,-0.1,1.9697964543663904,2.0697964543663905,2.0697964543663905,4.284057362507681
23,doc_rows,2026-06-04,2026-06-03,德国,513030.SH,-0.2,0.8351893095768226,1.0351893095768225,1.0351893095768225,1.0716169066621386
23,doc_rows,2026-06-04,2026-06-03,华宝油气,162411.SZ,-0.8,-1.4412416851441234,-0.6412416851441234,0.6412416851441234,0.4111908987664751
23,doc_rows,2026-06-04,2026-06-03,红利低波,512890.SH,-1.5,-1.593959731543615,-0.09395973154361492,0.09395973154361492,0.008828431151748185
23,doc_rows,2026-06-04,2026-06-03,可转债,511380.SH,-1.7,-0.7330654824839633,0.9669345175160367,0.9669345175160367,0.9349623611639706
23,doc_rows,2026-06-04,2026-06-03,沙特,520830.SH,-2.1,-1.7391304347826098,0.36086956521739033,0.36086956521739033,0.13022684310018834
23,doc_rows,2026-06-04,2026-06-03,豆粕,159985.SZ,-4.5,-4.863362667901805,-0.3633626679018054,0.3633626679018054,0.1320324284247177
23,doc_rows,2026-06-04,2026-06-03,印度,164824.SZ,-4.6,-3.831417624521072,0.7685823754789278,0.7685823754789278,0.5907188678968316
23,doc_rows,2026-06-04,2026-06-03,中概互联网,513050.SH,-4.8,-2.286198137171902,2.513801862828098,2.513801862828098,6.319199805558014
23,doc_rows,2026-06-04,2026-06-03,黄金,518880.SH,-5.7,-4.634196465269202,1.0658035347307981,1.0658035347307981,1.1359371746446636
23,doc_rows,2026-06-03,2026-06-02,纳指,513100.SH,20.8,20.462724935732645,-0.3372750642673559,0.3372750642673559,0.11375446897654903
23,doc_rows,2026-06-03,2026-06-02,日经225,513520.SH,16.6,13.37890625,-3.2210937500000014,3.2210937500000014,10.375444946289072
23,doc_rows,2026-06-03,2026-06-02,科创50,588000.SH,13.2,11.942174732872402,-1.257825267127597,1.257825267127597,1.5821244026246104
23,doc_rows,2026-06-03,2026-06-02,创业板50,159949.SZ,12.0,13.272311212814646,1.272311212814646,1.272311212814646,1.6187758222538757
23,doc_rows,2026-06-03,2026-06-02,中证A500,159338.SZ,2.2,2.694136291600646,0.494136291600646,0.494136291600646,0.24417067467683864
23,doc_rows,2026-06-03,2026-06-02,德国,513030.SH,0.8,1.5598885793871808,0.7598885793871808,0.7598885793871808,0.5774306530830677
23,doc_rows,2026-06-03,2026-06-02,中证2000,563300.SH,0.2,0.38860103626943143,0.18860103626943142,0.18860103626943142,0.035570350881903384
23,doc_rows,2026-06-03,2026-06-02,红利低波,512890.SH,-0.9,-0.5887300252312988,0.3112699747687012,0.3112699747687012,0.09688899719250789
23,doc_rows,2026-06-03,2026-06-02,可转债,511380.SH,-1.3,-1.2517482517482525,0.048251748251747495,0.048251748251747495,0.0023282312093500174
23,doc_rows,2026-06-03,2026-06-02,华宝油气,162411.SZ,-2.1,-1.6853932584269704,0.4146067415730297,0.4146067415730297,0.171898750157805
23,doc_rows,2026-06-03,2026-06-02,中概互联网,513050.SH,-2.6,-1.4987510407993399,1.1012489592006602,1.1012489592006602,1.2127492701405373
23,doc_rows,2026-06-03,2026-06-02,沙特,520830.SH,-3.3,-2.071973827699025,1.2280261723009747,1.2280261723009747,1.5080482798561832
23,doc_rows,2026-06-03,2026-06-02,印度,164824.SZ,-4.0,-3.511450381679393,0.48854961832060706,0.48854961832060706,0.23868072956121084
23,doc_rows,2026-06-03,2026-06-02,黄金,518880.SH,-4.4,-4.920683035263207,-0.5206830352632066,0.5206830352632066,0.2711108232109056
23,doc_rows,2026-06-03,2026-06-02,豆粕,159985.SZ,-4.7,-4.9256505576208305,-0.2256505576208303,0.2256505576208303,0.050918174154591656
23,doc_rows,2026-06-02,2026-06-01,纳指,513100.SH,23.7,24.016780283167293,0.3167802831672937,0.3167802831672937,0.10034974780355077
23,doc_rows,2026-06-02,2026-06-01,日经225,513520.SH,18.0,15.601783060921237,-2.398216939078763,2.398216939078763,5.751444486884311
23,doc_rows,2026-06-02,2026-06-01,科创50,588000.SH,13.3,14.565643370346182,1.2656433703461811,1.2656433703461811,1.6018531409012406
23,doc_rows,2026-06-02,2026-06-01,创业板50,159949.SZ,8.7,8.915388983532079,0.2153889835320797,0.2153889835320797,0.046392414226982495
23,doc_rows,2026-06-02,2026-06-01,德国,513030.SH,1.6,2.1739130434782483,0.5739130434782482,0.5739130434782482,0.3293761814744656
23,doc_rows,2026-06-02,2026-06-01,中证A500,159338.SZ,1.2,1.4274385408405976,0.22743854084059767,0.22743854084059767,0.05172828985970022
23,doc_rows,2026-06-02,2026-06-01,中证2000,563300.SH,0.7,1.7026850032743956,1.0026850032743957,1.0026850032743957,1.005377215791375
23,doc_rows,2026-06-02,2026-06-01,红利低波,512890.SH,-0.9,-1.4190317195325486,-0.5190317195325486,0.5190317195325486,0.26939392588091415
23,doc_rows,2026-06-02,2026-06-01,可转债,511380.SH,-1.8,-1.4601614601614465,0.3398385398385535,0.3398385398385535,0.11549023315960011
23,doc_rows,2026-06-02,2026-06-01,沙特,520830.SH,-2.5,-1.089324618736387,1.410675381263613,1.410675381263613,1.99000503130324
23,doc_rows,2026-06-02,2026-06-01,华宝油气,162411.SZ,-2.7,-3.5674470457079166,-0.8674470457079164,0.8674470457079164,0.752464377107392
23,doc_rows,2026-06-02,2026-06-01,豆粕,159985.SZ,-3.1,-2.4470588235294133,0.6529411764705868,0.6529411764705868,0.426332179930794
23,doc_rows,2026-06-02,2026-06-01,印度,164824.SZ,-3.5,-2.3773006134969465,1.1226993865030535,1.1226993865030535,1.2604539124543326
23,doc_rows,2026-06-02,2026-06-01,黄金,518880.SH,-5.3,-4.905353144718106,0.394646855281894,0.394646855281894,0.1557461403838882
23,doc_rows,2026-06-02,2026-06-01,中概互联网,513050.SH,-8.3,-7.831821929101402,0.468178070898599,0.468178070898599,0.21919070607033356
23,doc_rows,2026-06-01,2026-05-29,科创50,588000.SH,20.3,22.28116710875332,1.9811671087533185,1.9811671087533185,3.925023112805983
23,doc_rows,2026-06-01,2026-05-29,纳指,513100.SH,19.1,19.31758530183727,0.21758530183726776,0.21758530183726776,0.047343363575614916
23,doc_rows,2026-06-01,2026-05-29,日经225,513520.SH,12.4,12.071535022354695,-0.32846497764530547,0.32846497764530547,0.10788924153953101
23,doc_rows,2026-06-01,2026-05-29,创业板50,159949.SZ,11.6,9.53177257525084,-2.0682274247491588,2.0682274247491588,4.277564680484537
23,doc_rows,2026-06-01,2026-05-29,中证A500,159338.SZ,2.7,2.20994475138121,-0.49005524861879035,0.49005524861879035,0.24015414669882443
23,doc_rows,2026-06-01,2026-05-29,中证2000,563300.SH,1.2,1.1695906432748648,-0.030409356725135117,0.030409356725135117,0.0009247289764365204
23,doc_rows,2026-06-01,2026-05-29,德国,513030.SH,1.2,1.7250973845297723,0.5250973845297724,0.5250973845297724,0.2757272632400076
23,doc_rows,2026-06-01,2026-05-29,可转债,511380.SH,-2.0,-2.0088192062714394,-0.008819206271439395,0.008819206271439395,7.777839925819595e-05
23,doc_rows,2026-06-01,2026-05-29,红利低波,512890.SH,-2.1,-2.5876460767946474,-0.48764607679464733,0.48764607679464733,0.2377986962132111
23,doc_rows,2026-06-01,2026-05-29,豆粕,159985.SZ,-2.7,-3.664192949907241,-0.964192949907241,0.964192949907241,0.9296680446508274
23,doc_rows,2026-06-01,2026-05-29,印度,164824.SZ,-2.8,-2.4316109422492405,0.36838905775075936,0.36838905775075936,0.13571049787049233
23,doc_rows,2026-06-01,2026-05-29,沙特,520830.SH,-2.9,-2.4757804090419833,0.42421959095801665,0.42421959095801665,0.17996226135258697
23,doc_rows,2026-06-01,2026-05-29,华宝油气,162411.SZ,-3.0,-4.464285714285721,-1.4642857142857206,1.4642857142857206,2.1441326530612432
23,doc_rows,2026-06-01,2026-05-29,黄金,518880.SH,-5.2,-5.080808080808086,0.11919191919191441,0.11919191919191441,0.014206713600651854
23,doc_rows,2026-06-01,2026-05-29,中概互联网,513050.SH,-10.3,-9.531635168447005,0.7683648315529954,0.7683648315529954,0.590384514367463
23,doc_rows,2026-05-29,2026-05-28,科创50,588000.SH,27.5,27.011118378024857,-0.4888816219751426,0.4888816219751426,0.23900524030504625
23,doc_rows,2026-05-29,2026-05-28,纳指,513100.SH,16.3,16.77215189873418,0.47215189873417884,0.47215189873417884,0.2229274154782903
23,doc_rows,2026-05-29,2026-05-28,创业板50,159949.SZ,14.3,10.969529085872587,-3.330470914127414,3.330470914127414,11.092036509848691
23,doc_rows,2026-05-29,2026-05-28,日经225,513520.SH,8.3,6.7288801571709245,-1.5711198428290762,1.5711198428290762,2.468417560531261
23,doc_rows,2026-05-29,2026-05-28,中证2000,563300.SH,4.9,3.147077713551716,-1.7529222864482845,1.7529222864482845,3.072736542327082
23,doc_rows,2026-05-29,2026-05-28,中证A500,159338.SZ,4.0,2.91109362706532,-1.0889063729346802,1.0889063729346802,1.1857170890177609
23,doc_rows,2026-05-29,2026-05-28,德国,513030.SH,0.5,-1.1437908496732097,-1.6437908496732097,1.6437908496732097,2.7020483574693723
23,doc_rows,2026-05-29,2026-05-28,可转债,511380.SH,-1.0,-1.711780669403662,-0.7117806694036619,0.7117806694036619,0.5066317213367251
23,doc_rows,2026-05-29,2026-05-28,豆粕,159985.SZ,-2.1,-3.918856615952049,-1.8188566159520487,1.8188566159520487,3.3082393893925386
23,doc_rows,2026-05-29,2026-05-28,华宝油气,162411.SZ,-2.1,-0.23201856148491462,1.8679814385150855,1.8679814385150855,3.489354654636888
23,doc_rows,2026-05-29,2026-05-28,沙特,520830.SH,-3.3,-2.5778732545649885,0.7221267454350113,0.7221267454350113,0.5214670364725617
23,doc_rows,2026-05-29,2026-05-28,印度,164824.SZ,-3.6,-4.285714285714293,-0.6857142857142926,0.6857142857142926,0.47020408163266253
23,doc_rows,2026-05-29,2026-05-28,红利低波,512890.SH,-4.0,-4.026845637583898,-0.026845637583898352,0.026845637583898352,0.0007206882572860158
23,doc_rows,2026-05-29,2026-05-28,黄金,518880.SH,-8.3,-8.716513394642146,-0.4165133946421449,0.4165133946421449,0.1734834079163231
23,doc_rows,2026-05-29,2026-05-28,中概互联网,513050.SH,-10.8,-10.957792207792206,-0.15779220779220537,0.15779220779220537,0.02489838083993852
23,doc_rows,2026-05-28,2026-05-27,科创50,588000.SH,26.2,27.06117021276595,0.861170212765952,0.861170212765952,0.7416141353553549
23,doc_rows,2026-05-28,2026-05-27,纳指,513100.SH,17.3,17.494714587737835,0.19471458773783468,0.19471458773783468,0.03791377067791492
23,doc_rows,2026-05-28,2026-05-27,创业板50,159949.SZ,12.1,11.161473087818695,-0.9385269121813042,0.9385269121813042,0.8808327648885735
23,doc_rows,2026-05-28,2026-05-27,日经225,513520.SH,10.6,8.2266009852217,-2.3733990147783004,2.3733990147783004,5.633022883350607
23,doc_rows,2026-05-28,2026-05-27,中证A500,159338.SZ,4.0,3.4865293185420088,-0.5134706814579912,0.5134706814579912,0.26365214071693394
23,doc_rows,2026-05-28,2026-05-27,中证2000,563300.SH,3.4,2.7272727272727337,-0.6727272727272662,0.6727272727272662,0.4525619834710656
23,doc_rows,2026-05-28,2026-05-27,德国,513030.SH,1.4,0.1094091903719896,-1.2905908096280103,1.2905908096280103,1.6656246378962831
23,doc_rows,2026-05-28,2026-05-27,可转债,511380.SH,-1.7,-1.891021151421779,-0.191021151421779,0.191021151421779,0.03648908029050222
23,doc_rows,2026-05-28,2026-05-27,华宝油气,162411.SZ,-1.7,1.2910798122065748,2.991079812206575,2.991079812206575,8.94655844298972
23,doc_rows,2026-05-28,2026-05-27,豆粕,159985.SZ,-2.6,-2.7738598965679206,-0.17385989656792056,0.17385989656792056,0.030227263634608034
23,doc_rows,2026-05-28,2026-05-27,印度,164824.SZ,-2.6,-4.172876304023854,-1.5728763040238536,1.5728763040238536,2.473939867759738
23,doc_rows,2026-05-28,2026-05-27,沙特,520830.SH,-3.4,-3.205128205128205,0.19487179487179507,0.19487179487179507,0.03797501643655497
23,doc_rows,2026-05-28,2026-05-27,红利低波,512890.SH,-3.4,-3.9264828738513113,-0.5264828738513114,0.5264828738513114,0.2771842164587359
23,doc_rows,2026-05-28,2026-05-27,黄金,518880.SH,-6.4,-6.6433566433566345,-0.2433566433566341,0.2433566433566341,0.059222455865808
23,doc_rows,2026-05-28,2026-05-27,中概互联网,513050.SH,-8.5,-10.634920634920642,-2.1349206349206415,2.1349206349206415,4.557886117409955
23,doc_rows,2026-05-27,2026-05-26,科创50,588000.SH,31.2,28.880157170923383,-2.3198428290766167,2.3198428290766167,5.3816707516182
23,doc_rows,2026-05-27,2026-05-26,纳指,513100.SH,15.8,15.608465608465627,-0.19153439153437368,0.19153439153437368,0.036685423140442756
23,doc_rows,2026-05-27,2026-05-26,创业板50,159949.SZ,12.2,10.95968199886428,-1.2403180011357193,1.2403180011357193,1.5383887439413062
23,doc_rows,2026-05-27,2026-05-26,日经225,513520.SH,11.4,8.969276511397428,-2.430723488602572,2.430723488602572,5.908416678044259
23,doc_rows,2026-05-27,2026-05-26,中证2000,563300.SH,6.0,4.601425793907987,-1.3985742060920128,1.3985742060920128,1.9560098099459038
23,doc_rows,2026-05-27,2026-05-26,中证A500,159338.SZ,5.5,4.920634920634925,-0.5793650793650746,0.5793650793650746,0.33566389518769923
23,doc_rows,2026-05-27,2026-05-26,德国,513030.SH,2.2,1.3758943313153527,-0.8241056686846475,0.8241056686846475,0.6791501531581701
23,doc_rows,2026-05-27,2026-05-26,华宝油气,162411.SZ,-0.4,1.1520737327189057,1.5520737327189056,1.5520737327189056,2.408932871795997
23,doc_rows,2026-05-27,2026-05-26,可转债,511380.SH,-0.7,-1.3420942261987867,-0.6420942261987868,0.6420942261987868,0.41228499531781876
23,doc_rows,2026-05-27,2026-05-26,印度,164824.SZ,-2.0,-3.51008215085884,-1.5100821508588398,1.5100821508588398,2.28034810234246
23,doc_rows,2026-05-27,2026-05-26,红利低波,512890.SH,-2.8,-2.857142857142858,-0.05714285714285827,0.05714285714285827,0.0032653061224491085
23,doc_rows,2026-05-27,2026-05-26,豆粕,159985.SZ,-2.9,-1.482544237207084,1.4174557627929159,1.4174557627929159,2.0091808394748467
23,doc_rows,2026-05-27,2026-05-26,沙特,520830.SH,-3.2,-3.0851063829787195,0.11489361702128065,0.11489361702128065,0.01320054323223271
23,doc_rows,2026-05-27,2026-05-26,黄金,518880.SH,-5.3,-5.7991231566360995,-0.49912315663609963,0.49912315663609963,0.24912392549038445
23,doc_rows,2026-05-27,2026-05-26,中概互联网,513050.SH,-6.8,-9.5501183898974,-2.7501183898973993,2.7501183898973993,7.5631511584518645
23,doc_rows,2026-05-26,2026-05-25,科创50,588000.SH,34.0,33.288859239492986,-0.7111407605070141,0.7111407605070141,0.5057211812544944
23,doc_rows,2026-05-26,2026-05-25,纳指,513100.SH,18.6,17.917547568710358,-0.6824524312896436,0.6824524312896436,0.46574132097314574
23,doc_rows,2026-05-26,2026-05-25,日经225,513520.SH,12.1,9.140316205533594,-2.9596837944664056,2.9596837944664056,8.759728163227061
23,doc_rows,2026-05-26,2026-05-25,创业板50,159949.SZ,12.0,9.818388195232686,-2.1816118047673143,2.1816118047673143,4.759430066700098
23,doc_rows,2026-05-26,2026-05-25,中证2000,563300.SH,7.7,6.5189048239895575,-1.1810951760104427,1.1810951760104427,1.3949858147951386
23,doc_rows,2026-05-26,2026-05-25,中证A500,159338.SZ,5.5,5.275779376498813,-0.22422062350118743,0.22422062350118743,0.05027488800326125
23,doc_rows,2026-05-26,2026-05-25,德国,513030.SH,1.5,1.4991671293725695,-0.0008328706274305375,0.0008328706274305375,6.936734820365373e-07
23,doc_rows,2026-05-26,2026-05-25,可转债,511380.SH,-0.2,-1.2622916521375371,-1.0622916521375372,1.0622916521375372,1.1284635542010983
23,doc_rows,2026-05-26,2026-05-25,华宝油气,162411.SZ,-1.9,-1.925254813137034,-0.025254813137034038,0.025254813137034038,0.000637805586586507
23,doc_rows,2026-05-26,2026-05-25,印度,164824.SZ,-1.9,-2.486812358703838,-0.5868123587038383,0.5868123587038383,0.3443487443275622
23,doc_rows,2026-05-26,2026-05-25,沙特,520830.SH,-2.7,-3.7735849056603654,-1.0735849056603652,1.0735849056603652,1.1525845496617753
23,doc_rows,2026-05-26,2026-05-25,豆粕,159985.SZ,-2.9,-1.8147086914995114,1.0852913085004885,1.0852913085004885,1.1778572243067025
23,doc_rows,2026-05-26,2026-05-25,红利低波,512890.SH,-3.0,-2.7027027027027084,0.2972972972972916,0.2972972972972916,0.08838568298027419
23,doc_rows,2026-05-26,2026-05-25,黄金,518880.SH,-4.9,-5.155050353973467,-0.2550503539734663,0.2550503539734663,0.06505068306199047
23,doc_rows,2026-05-26,2026-05-25,中概互联网,513050.SH,-7.1,-8.792965627497995,-1.6929656274979958,1.6929656274979958,2.8661326158896827
23,doc_rows,2026-05-25,2026-05-22,科创50,588000.SH,27.3,25.96795727636849,-1.3320427236315098,1.3320427236315098,1.7743378175796507
23,doc_rows,2026-05-25,2026-05-22,纳指,513100.SH,15.2,12.532773990561076,-2.6672260094389237,2.6672260094389237,7.114094585427486
23,doc_rows,2026-05-25,2026-05-22,创业板50,159949.SZ,11.1,9.405654933641072,-1.6943450663589275,1.6943450663589275,2.870805203894838
23,doc_rows,2026-05-25,2026-05-22,中证2000,563300.SH,7.9,7.030223390275947,-0.8697766097240534,0.8697766097240534,0.7565113508230682
23,doc_rows,2026-05-25,2026-05-22,日经225,513520.SH,7.9,4.2542787286063755,-3.645721271393625,3.645721271393625,13.291283588691948
23,doc_rows,2026-05-25,2026-05-22,中证A500,159338.SZ,4.3,3.514376996805124,-0.7856230031948757,0.7856230031948757,0.6172035031489356
23,doc_rows,2026-05-25,2026-05-22,华宝油气,162411.SZ,1.9,3.9080459770114873,2.0080459770114873,2.0080459770114873,4.032248645792019
23,doc_rows,2026-05-25,2026-05-22,德国,513030.SH,-0.0,-0.7726269315673329,-0.7726269315673329,0.7726269315673329,0.596952375383152
23,doc_rows,2026-05-25,2026-05-22,可转债,511380.SH,-0.3,-1.0501995379122109,-0.7501995379122108,0.7501995379122108,0.5627993466836947
23,doc_rows,2026-05-25,2026-05-22,豆粕,159985.SZ,-1.2,-1.279014684983426,-0.07901468498342612,0.07901468498342612,0.006243320443030065
23,doc_rows,2026-05-25,2026-05-22,红利低波,512890.SH,-2.6,-2.8595458368376847,-0.2595458368376846,0.2595458368376846,0.067364041419774
23,doc_rows,2026-05-25,2026-05-22,印度,164824.SZ,-3.2,-3.1890660592255204,0.010933940774479733,0.010933940774479733,0.00011955106085983048
23,doc_rows,2026-05-25,2026-05-22,沙特,520830.SH,-3.6,-5.015673981191215,-1.415673981191215,1.415673981191215,2.004132821021784
23,doc_rows,2026-05-25,2026-05-22,黄金,518880.SH,-5.5,-6.298900663563423,-0.7989006635634226,0.7989006635634226,0.6382422702420769
23,doc_rows,2026-05-25,2026-05-22,中概互联网,513050.SH,-6.0,-8.194112967382662,-2.1941129673826616,2.1941129673826616,4.8141317136367485
23,doc_rows,2026-05-22,2026-05-21,科创50,588000.SH,26.4,25.506072874493935,-0.8939271255060639,0.8939271255060639,0.7991057057155341
23,doc_rows,2026-05-22,2026-05-21,纳指,513100.SH,13.7,12.821888412017168,-0.878111587982831,0.878111587982831,0.7710799609497291
23,doc_rows,2026-05-22,2026-05-21,创业板50,159949.SZ,9.3,9.785202863961828,0.48520286396182755,0.48520286396182755,0.23542181919675972
23,doc_rows,2026-05-22,2026-05-21,中证2000,563300.SH,5.4,6.384408602150526,0.9844086021505261,0.9844086021505261,0.9690602959879527
23,doc_rows,2026-05-22,2026-05-21,日经225,513520.SH,4.9,4.330312185297092,-0.5696878147029087,0.5696878147029087,0.3245442062209757
23,doc_rows,2026-05-22,2026-05-21,中证A500,159338.SZ,3.6,3.724696356275281,0.12469635627528097,0.12469635627528097,0.015549181268331805
23,doc_rows,2026-05-22,2026-05-21,华宝油气,162411.SZ,3.2,6.113033448673599,2.913033448673599,2.913033448673599,8.485763873091202
23,doc_rows,2026-05-22,2026-05-21,可转债,511380.SH,-0.3,0.40572282724749,0.70572282724749,0.70572282724749,0.49804470889819064
23,doc_rows,2026-05-22,2026-05-21,豆粕,159985.SZ,-0.5,-0.5245588936576118,-0.02455889365761177,0.02455889365761177,0.0006031392576858835
23,doc_rows,2026-05-22,2026-05-21,德国,513030.SH,-0.7,-0.4469273743016755,0.25307262569832445,0.25307262569832445,0.06404575387784422
23,doc_rows,2026-05-22,2026-05-21,红利低波,512890.SH,-2.1,-2.354920100925151,-0.2549201009251507,0.2549201009251507,0.06498425785568902
23,doc_rows,2026-05-22,2026-05-21,印度,164824.SZ,-3.4,-3.3460076045627396,0.05399239543726031,0.05399239543726031,0.002915178765053488
23,doc_rows,2026-05-22,2026-05-21,沙特,520830.SH,-4.0,-4.334038054968281,-0.3340380549682811,0.3340380549682811,0.11158142216699238
23,doc_rows,2026-05-22,2026-05-21,黄金,518880.SH,-5.6,-6.100953895071548,-0.5009538950715484,0.5009538950715484,0.25095480498735595
23,doc_rows,2026-05-22,2026-05-21,中概互联网,513050.SH,-6.2,-5.345394736842102,0.8546052631578984,0.8546052631578984,0.7303501558171808
23,doc_rows,2026-05-21,2026-05-20,科创50,588000.SH,32.7,30.56118999323867,-2.1388100067613323,2.1388100067613323,4.57450824502241
23,doc_rows,2026-05-21,2026-05-20,创业板50,159949.SZ,13.7,10.954063604240272,-2.7459363957597276,2.7459363957597276,7.540166689557923
23,doc_rows,2026-05-21,2026-05-20,纳指,513100.SH,12.6,12.767123287671222,0.1671232876712221,0.1671232876712221,0.02793019328203805
23,doc_rows,2026-05-21,2026-05-20,中证2000,563300.SH,10.2,9.472981987991979,-0.7270180120080205,0.7270180120080205,0.5285551897840942
23,doc_rows,2026-05-21,2026-05-20,中证A500,159338.SZ,6.1,4.915390813859788,-1.1846091861402117,1.1846091861402117,1.4032989238877747
23,doc_rows,2026-05-21,2026-05-20,日经225,513520.SH,3.7,2.2110552763819014,-1.4889447236180988,1.4889447236180988,2.2169563899901767
23,doc_rows,2026-05-21,2026-05-20,华宝油气,162411.SZ,3.4,4.342984409799566,0.9429844097995663,0.9429844097995663,0.8892195971250364
23,doc_rows,2026-05-21,2026-05-20,可转债,511380.SH,1.3,1.3849431818181879,0.08494318181818783,0.08494318181818783,0.007215344137397716
23,doc_rows,2026-05-21,2026-05-20,豆粕,159985.SZ,0.7,-0.3789673140691563,-1.0789673140691562,1.0789673140691562,1.1641704648296092
23,doc_rows,2026-05-21,2026-05-20,德国,513030.SH,-0.8,-0.7299270072992692,0.07007299270073086,0.07007299270073086,0.004910224306036681
23,doc_rows,2026-05-21,2026-05-20,红利低波,512890.SH,-1.7,-1.4394580863674955,0.26054191363250445,0.26054191363250445,0.0678820887592874
23,doc_rows,2026-05-21,2026-05-20,中概互联网,513050.SH,-2.6,-0.6694560669456062,1.9305439330543939,1.9305439330543939,3.726999877453128
23,doc_rows,2026-05-21,2026-05-20,沙特,520830.SH,-3.3,-4.22386483632523,-0.9238648363252304,0.9238648363252304,0.8535262357982448
23,doc_rows,2026-05-21,2026-05-20,印度,164824.SZ,-3.9,-3.9020657995409325,-0.002065799540932556,0.002065799540932556,4.2675277433171585e-06
23,doc_rows,2026-05-21,2026-05-20,黄金,518880.SH,-6.3,-6.432923783837763,-0.1329237838377635,0.1329237838377635,0.017668732309748473
23,doc_rows,2026-05-20,2026-05-19,科创50,588000.SH,30.4,29.21270718232045,-1.1872928176795483,1.1872928176795483,1.4096642349134412
23,doc_rows,2026-05-20,2026-05-19,创业板50,159949.SZ,15.1,13.422007255139047,-1.677992744860953,1.677992744860953,2.8156596518059955
23,doc_rows,2026-05-20,2026-05-19,纳指,513100.SH,12.6,13.848720800889879,1.2487208008898794,1.2487208008898794,1.5593036385750618
23,doc_rows,2026-05-20,2026-05-19,中证2000,563300.SH,11.4,11.096075778078474,-0.3039242219215268,0.3039242219215268,0.09236993267060546
23,doc_rows,2026-05-20,2026-05-19,中证A500,159338.SZ,6.7,6.040816326530596,-0.6591836734694043,0.6591836734694043,0.43452311536861826
23,doc_rows,2026-05-20,2026-05-19,日经225,513520.SH,5.5,5.238828967642517,-0.26117103235748296,0.26117103235748296,0.06821030814267341
23,doc_rows,2026-05-20,2026-05-19,可转债,511380.SH,2.3,3.0518454689070884,0.7518454689070886,0.7518454689070886,0.56527160911612
23,doc_rows,2026-05-20,2026-05-19,豆粕,159985.SZ,1.8,-0.28195488721806106,-2.0819548872180613,2.0819548872180613,4.334536152411171
23,doc_rows,2026-05-20,2026-05-19,华宝油气,162411.SZ,0.9,0.21645021645022577,-0.6835497835497742,0.6835497835497742,0.46724030659094323
23,doc_rows,2026-05-20,2026-05-19,德国,513030.SH,-0.2,0.2837684449489064,0.4837684449489064,0.4837684449489064,0.2340319083282831
23,doc_rows,2026-05-20,2026-05-19,中概互联网,513050.SH,-0.8,1.0970464135021007,1.8970464135021008,1.8970464135021008,3.5987850949811837
23,doc_rows,2026-05-20,2026-05-19,红利低波,512890.SH,-1.3,-0.595238095238082,0.704761904761918,0.704761904761918,0.4966893424036468
23,doc_rows,2026-05-20,2026-05-19,印度,164824.SZ,-2.2,-1.7788089713843713,0.42119102861562885,0.42119102861562885,0.17740188258629147
23,doc_rows,2026-05-20,2026-05-19,沙特,520830.SH,-3.5,-2.4757804090419833,1.0242195909580167,1.0242195909580167,1.049025770502207
23,doc_rows,2026-05-20,2026-05-19,黄金,518880.SH,-4.7,-4.12132204756146,0.5786779524385404,0.5786779524385404,0.3348681726384616
23,doc_rows,2026-05-19,2026-05-18,科创50,588000.SH,27.2,25.469728601252605,-1.7302713987473943,1.7302713987473943,2.9938391133232645
23,doc_rows,2026-05-19,2026-05-18,创业板50,159949.SZ,17.8,15.342298288508571,-2.4577017114914295,2.4577017114914295,6.0402977026679014
23,doc_rows,2026-05-19,2026-05-18,纳指,513100.SH,13.9,14.206744057490317,0.30674405749031664,0.30674405749031664,0.09409191680562268
23,doc_rows,2026-05-19,2026-05-18,中证2000,563300.SH,11.2,10.237288135593214,-0.9627118644067849,0.9627118644067849,0.9268141338695878
23,doc_rows,2026-05-19,2026-05-18,日经225,513520.SH,6.7,5.6526207605344325,-1.0473792394655677,1.0473792394655677,1.097003271263471
23,doc_rows,2026-05-19,2026-05-18,中证A500,159338.SZ,6.6,5.478331970564176,-1.1216680294358232,1.1216680294358232,1.2581391682584429
23,doc_rows,2026-05-19,2026-05-18,可转债,511380.SH,1.1,0.9442060085836923,-0.1557939914163078,0.1557939914163078,0.024271767761424583
23,doc_rows,2026-05-19,2026-05-18,豆粕,159985.SZ,0.4,0.48030739673392553,0.0803073967339255,0.0803073967339255,0.006449277970180109
23,doc_rows,2026-05-19,2026-05-18,华宝油气,162411.SZ,-0.0,2.759381898454749,2.759381898454749,2.759381898454749,7.614188461519736
23,doc_rows,2026-05-19,2026-05-18,中概互联网,513050.SH,-1.7,-2.4006622516556275,-0.7006622516556276,0.7006622516556276,0.490927590895134
23,doc_rows,2026-05-19,2026-05-18,德国,513030.SH,-1.8,-3.084688726864826,-1.284688726864826,1.284688726864826,1.6504251249335673
23,doc_rows,2026-05-19,2026-05-18,印度,164824.SZ,-2.0,-3.5141329258976395,-1.5141329258976395,1.5141329258976395,2.2925985172873466
23,doc_rows,2026-05-19,2026-05-18,红利低波,512890.SH,-2.2,-1.7781541066892559,0.4218458933107443,0.4218458933107443,0.17795395770313985
23,doc_rows,2026-05-19,2026-05-18,沙特,520830.SH,-3.5,-3.2119914346895095,0.28800856531049046,0.28800856531049046,0.08294893369220704
23,doc_rows,2026-05-19,2026-05-18,黄金,518880.SH,-4.3,-4.602888086642598,-0.30288808664259825,0.30288808664259825,0.0917411930300141
23,doc_rows,2026-05-18,2026-05-15,科创50,588000.SH,27.2,26.28975265017668,-0.9102473498233188,0.9102473498233188,0.8285502378603753
23,doc_rows,2026-05-18,2026-05-15,创业板50,159949.SZ,19.6,20.356234096692095,0.7562340966920935,0.7562340966920935,0.5718900089997067
23,doc_rows,2026-05-18,2026-05-15,纳指,513100.SH,17.9,16.343490304709142,-1.5565096952908561,1.5565096952908561,2.422722431534434
23,doc_rows,2026-05-18,2026-05-15,中证2000,563300.SH,11.2,10.601915184678523,-0.5980848153214762,0.5980848153214762,0.35770544631812423
23,doc_rows,2026-05-18,2026-05-15,日经225,513520.SH,9.3,8.199273482096526,-1.1007265179034746,1.1007265179034746,1.2115988672159084
23,doc_rows,2026-05-18,2026-05-15,中证A500,159338.SZ,7.5,7.379767827529027,-0.12023217247097318,0.12023217247097318,0.01445577529708984
23,doc_rows,2026-05-18,2026-05-15,可转债,511380.SH,1.6,0.32684382549381663,-1.2731561745061835,1.2731561745061835,1.6209266446832196
23,doc_rows,2026-05-18,2026-05-15,德国,513030.SH,1.4,0.22573363431150906,-1.1742663656884909,1.1742663656884909,1.3789014975872564
23,doc_rows,2026-05-18,2026-05-15,豆粕,159985.SZ,0.6,0.6746987951807171,0.07469879518071709,0.07469879518071709,0.005579910001450723
23,doc_rows,2026-05-18,2026-05-15,中概互联网,513050.SH,-0.4,-1.6528925619834767,-1.2528925619834768,1.2528925619834768,1.5697397718735202
23,doc_rows,2026-05-18,2026-05-15,印度,164824.SZ,-0.5,-1.6203703703703831,-1.1203703703703831,1.1203703703703831,1.2552297668038694
23,doc_rows,2026-05-18,2026-05-15,红利低波,512890.SH,-1.7,-1.3524936601859716,0.34750633981402834,0.34750633981402834,0.12076065621094294
23,doc_rows,2026-05-18,2026-05-15,沙特,520830.SH,-3.4,-2.7926960257787403,0.6073039742212596,0.6073039742212596,0.36881811710493634
23,doc_rows,2026-05-18,2026-05-15,黄金,518880.SH,-3.9,-3.572870407751305,0.32712959224869476,0.32712959224869476,0.10701377012479729
23,doc_rows,2026-05-18,2026-05-15,华宝油气,162411.SZ,-5.2,-4.893617021276587,0.3063829787234136,0.3063829787234136,0.0938705296514317
23,doc_rows,2026-05-15,2026-05-14,科创50,588000.SH,30.6,27.368421052631575,-3.231578947368426,3.231578947368426,10.443102493074825
23,doc_rows,2026-05-15,2026-05-14,创业板50,159949.SZ,21.8,20.25236593059936,-1.5476340694006403,1.5476340694006403,2.395171212769586
23,doc_rows,2026-05-15,2026-05-14,纳指,513100.SH,20.1,14.839061647572294,-5.260938352427708,5.260938352427708,27.677472348044766
23,doc_rows,2026-05-15,2026-05-14,中证2000,563300.SH,12.7,10.651289009497965,-2.048710990502034,2.048710990502034,4.197216722603825
23,doc_rows,2026-05-15,2026-05-14,日经225,513520.SH,12.2,8.201732042791644,-3.9982679572083555,3.9982679572083555,15.986146657639075
23,doc_rows,2026-05-15,2026-05-14,中证A500,159338.SZ,9.4,8.079142621599322,-1.320857378400678,1.320857378400678,1.744664214075512
23,doc_rows,2026-05-15,2026-05-14,豆粕,159985.SZ,3.4,5.046545810877023,1.6465458108770235,1.6465458108770235,2.7111131073166748
23,doc_rows,2026-05-15,2026-05-14,德国,513030.SH,3.2,0.16741071428569843,-3.0325892857143018,3.0325892857143018,9.19659777582918
23,doc_rows,2026-05-15,2026-05-14,可转债,511380.SH,2.8,0.664921836316057,-2.135078163683943,2.135078163683943,4.558558765039997
23,doc_rows,2026-05-15,2026-05-14,中概互联网,513050.SH,2.4,-0.24549918166938411,-2.645499181669384,2.645499181669384,6.998665920213381
23,doc_rows,2026-05-15,2026-05-14,印度,164824.SZ,0.9,-2.059496567505714,-2.959496567505714,2.959496567505714,8.758619933078103
23,doc_rows,2026-05-15,2026-05-14,红利低波,512890.SH,-1.0,-1.17647058823529,-0.17647058823528994,0.17647058823528994,0.03114186851210925
23,doc_rows,2026-05-15,2026-05-14,黄金,518880.SH,-1.1,-3.144467517057248,-2.0444675170572477,2.0444675170572477,4.179847428302227
23,doc_rows,2026-05-15,2026-05-14,沙特,520830.SH,-2.7,-2.67379679144385,0.026203208556150326,0.026203208556150326,0.0006866081386371096
23,doc_rows,2026-05-15,2026-05-14,华宝油气,162411.SZ,-8.9,-2.7624309392265234,6.137569060773477,6.137569060773477,37.66975397576382
23,doc_rows,2026-05-14,2026-05-13,科创50,588000.SH,35.4,38.97168405365126,3.5716840536512606,3.5716840536512606,12.756926979106701
23,doc_rows,2026-05-14,2026-05-13,创业板50,159949.SZ,25.5,30.38229376257544,4.88229376257544,4.88229376257544,23.836792384083047
23,doc_rows,2026-05-14,2026-05-13,纳指,513100.SH,20.6,20.84295612009237,0.24295612009236933,0.24295612009236933,0.05902767629033779
23,doc_rows,2026-05-14,2026-05-13,中证2000,563300.SH,15.5,17.930545712260802,2.430545712260802,2.430545712260802,5.907552459389368
23,doc_rows,2026-05-14,2026-05-13,日经225,513520.SH,14.8,17.358078602620086,2.5580786026200855,2.5580786026200855,6.543766137182729
23,doc_rows,2026-05-14,2026-05-13,中证A500,159338.SZ,12.2,14.75128644939967,2.5512864493996705,2.5512864493996705,6.5090625468903776
23,doc_rows,2026-05-14,2026-05-13,可转债,511380.SH,4.6,5.4464481273271526,0.8464481273271529,0.8464481273271529,0.7164744322556441
23,doc_rows,2026-05-14,2026-05-13,德国,513030.SH,4.5,5.6758338209479176,1.1758338209479176,1.1758338209479176,1.3825851744849795
23,doc_rows,2026-05-14,2026-05-13,豆粕,159985.SZ,4.1,5.158150851581511,1.0581508515815115,1.0581508515815115,1.1196832247026778
23,doc_rows,2026-05-14,2026-05-13,中概互联网,513050.SH,1.5,3.074295473953881,1.5742954739538808,1.5742954739538808,2.478406239311674
23,doc_rows,2026-05-14,2026-05-13,印度,164824.SZ,0.9,1.5103338632750374,0.6103338632750374,0.6103338632750374,0.372507424660232
23,doc_rows,2026-05-14,2026-05-13,黄金,518880.SH,-0.6,-0.33546813052759417,0.2645318694724058,0.2645318694724058,0.06997710996656595
23,doc_rows,2026-05-14,2026-05-13,红利低波,512890.SH,-1.0,-0.25423728813558366,0.7457627118644163,0.7457627118644163,0.5561620224073685
23,doc_rows,2026-05-14,2026-05-13,沙特,520830.SH,-2.0,-1.1917659804983716,0.8082340195016284,0.8082340195016284,0.6532422302797587
23,doc_rows,2026-05-14,2026-05-13,华宝油气,162411.SZ,-10.4,-11.12224448897795,-0.7222444889779496,0.7222444889779496,0.5216371018590196
23,doc_rows,2026-05-13,2026-05-12,科创50,588000.SH,32.6,37.16012084592144,4.560120845921439,4.560120845921439,20.794702129407263
23,doc_rows,2026-05-13,2026-05-12,创业板50,159949.SZ,22.6,27.070707070707066,4.470707070707064,4.470707070707064,19.987221712070138
23,doc_rows,2026-05-13,2026-05-12,纳指,513100.SH,20.1,20.21952628538417,0.11952628538416832,0.11952628538416832,0.01428653289773765
23,doc_rows,2026-05-13,2026-05-12,日经225,513520.SH,14.4,16.803503010399567,2.4035030103995663,2.4035030103995663,5.776826720999778
23,doc_rows,2026-05-13,2026-05-12,中证2000,563300.SH,14.2,17.71879483500718,3.5187948350071814,3.5187948350071814,12.381917090873216
23,doc_rows,2026-05-13,2026-05-12,中证A500,159338.SZ,11.3,13.367609254498714,2.067609254498713,2.067609254498713,4.275008029288723
23,doc_rows,2026-05-13,2026-05-12,德国,513030.SH,4.7,5.871990604815025,1.1719906048150248,1.1719906048150248,1.3735619777746877
23,doc_rows,2026-05-13,2026-05-12,可转债,511380.SH,4.3,5.31245426606175,1.0124542660617504,1.0124542660617504,1.0250636408666376
23,doc_rows,2026-05-13,2026-05-12,豆粕,159985.SZ,3.8,4.71331389698737,0.9133138969873702,0.9133138969873702,0.8341422744302567
23,doc_rows,2026-05-13,2026-05-12,印度,164824.SZ,1.6,2.726543704891715,1.126543704891715,1.126543704891715,1.2691007190311516
23,doc_rows,2026-05-13,2026-05-12,中概互联网,513050.SH,0.9,3.350515463917536,2.450515463917536,2.450515463917536,6.005026038898977
23,doc_rows,2026-05-13,2026-05-12,黄金,518880.SH,-0.2,-0.22385022385023046,-0.023850223850230445,0.023850223850230445,0.0005688331777061012
23,doc_rows,2026-05-13,2026-05-12,红利低波,512890.SH,-1.1,-1.0101010101010055,0.08989898989899459,0.08989898989899459,0.00808182838485953
23,doc_rows,2026-05-13,2026-05-12,沙特,520830.SH,-1.2,-0.9708737864077666,0.2291262135922334,0.2291262135922334,0.05249882175511376
23,doc_rows,2026-05-13,2026-05-12,华宝油气,162411.SZ,-10.8,-9.432048681541582,1.3679513184584184,1.3679513184584184,1.8712908096721252
23,doc_rows,2026-05-12,2026-05-11,科创50,588000.SH,33.0,36.16541353383458,3.165413533834581,3.165413533834581,10.01984284018313
23,doc_rows,2026-05-12,2026-05-11,创业板50,159949.SZ,23.3,26.456798392498303,3.1567983924983025,3.1567983924983025,9.965376090879866
23,doc_rows,2026-05-12,2026-05-11,纳指,513100.SH,22.2,22.486926205694367,0.28692620569436755,0.28692620569436755,0.08232664751416652
23,doc_rows,2026-05-12,2026-05-11,日经225,513520.SH,15.8,17.322404371584675,1.522404371584674,1.522404371584674,2.3177150706201264
23,doc_rows,2026-05-12,2026-05-11,中证2000,563300.SH,15.3,16.279069767441847,0.979069767441846,0.979069767441846,0.9585776095186305
23,doc_rows,2026-05-12,2026-05-11,中证A500,159338.SZ,12.0,12.947189097103928,0.9471890971039283,0.9471890971039283,0.8971671856725549
23,doc_rows,2026-05-12,2026-05-11,德国,513030.SH,6.3,7.624113475177308,1.3241134751773078,1.3241134751773078,1.753276495146127
23,doc_rows,2026-05-12,2026-05-11,可转债,511380.SH,5.4,6.608963544340951,1.2089635443409508,1.2089635443409508,1.461592851545434
23,doc_rows,2026-05-12,2026-05-11,豆粕,159985.SZ,3.9,4.088504088504097,0.18850408850409694,0.18850408850409694,0.035533791382760416
23,doc_rows,2026-05-12,2026-05-11,印度,164824.SZ,3.6,5.858421480878739,2.2584214808787393,2.2584214808787393,5.100467585294518
23,doc_rows,2026-05-12,2026-05-11,中概互联网,513050.SH,1.8,3.67207514944492,1.87207514944492,1.87207514944492,3.5046653651692194
23,doc_rows,2026-05-12,2026-05-11,黄金,518880.SH,-0.0,0.3696857670979714,0.3696857670979714,0.3696857670979714,0.13666756639481556
23,doc_rows,2026-05-12,2026-05-11,红利低波,512890.SH,-1.0,-1.9150707743547102,-0.9150707743547102,0.9150707743547102,0.8373545220781289
23,doc_rows,2026-05-12,2026-05-11,沙特,520830.SH,-1.1,-1.3978494623655968,-0.29784946236559673,0.29784946236559673,0.08871430223147503
23,doc_rows,2026-05-12,2026-05-11,华宝油气,162411.SZ,-12.1,-12.855740922473002,-0.7557409224730023,0.7557409224730023,0.5711443419003445
23,doc_rows,2026-05-11,2026-05-08,科创50,588000.SH,27.1,26.150474799123447,-0.949525200876554,0.949525200876554,0.9015981070996603
23,doc_rows,2026-05-11,2026-05-08,纳指,513100.SH,19.8,17.865296803652964,-1.9347031963470371,1.9347031963470371,3.7430764579554423
23,doc_rows,2026-05-11,2026-05-08,创业板50,159949.SZ,19.0,19.019607843137255,0.019607843137254832,0.019607843137254832,0.0003844675124951914
23,doc_rows,2026-05-11,2026-05-08,日经225,513520.SH,16.7,14.353813559322038,-2.346186440677961,2.346186440677961,5.50459081442112
23,doc_rows,2026-05-11,2026-05-08,中证2000,563300.SH,14.6,13.287197231833915,-1.312802768166085,1.312802768166085,1.7234511081045354
23,doc_rows,2026-05-11,2026-05-08,中证A500,159338.SZ,10.2,9.312080536912749,-0.8879194630872504,0.8879194630872504,0.7884009729291511
23,doc_rows,2026-05-11,2026-05-08,德国,513030.SH,7.5,6.246385193753601,-1.2536148062463992,1.2536148062463992,1.5715500824401971
23,doc_rows,2026-05-11,2026-05-08,可转债,511380.SH,5.2,5.206971677559924,0.0069716775599237835,0.0069716775599237835,4.860428799954484e-05
23,doc_rows,2026-05-11,2026-05-08,印度,164824.SZ,5.0,4.944178628389162,-0.055821371610838,0.055821371610838,0.0031160255285152707
23,doc_rows,2026-05-11,2026-05-08,中概互联网,513050.SH,3.6,2.82626766417291,-0.77373233582709,0.77373233582709,0.5986617275044448
23,doc_rows,2026-05-11,2026-05-08,豆粕,159985.SZ,2.4,4.99755022048014,2.5975502204801404,2.5975502204801404,6.747267147916426
23,doc_rows,2026-05-11,2026-05-08,黄金,518880.SH,1.4,-1.4365522745410808,-2.8365522745410807,2.8365522745410807,8.046028806204179
23,doc_rows,2026-05-11,2026-05-08,红利低波,512890.SH,-1.1,-1.670843776106934,-0.5708437761069338,0.5708437761069338,0.3258626167200232
23,doc_rows,2026-05-11,2026-05-08,沙特,520830.SH,-1.6,-3.290870488322706,-1.6908704883227057,1.6908704883227057,2.8590430082806653
23,doc_rows,2026-05-11,2026-05-08,华宝油气,162411.SZ,-13.5,-11.257606490872208,2.2423935091277922,2.2423935091277922,5.028328649778454
23,doc_rows,2026-05-08,2026-05-07,科创50,588000.SH,30.9,33.61027190332324,2.710271903323239,2.710271903323239,7.345573789943373
23,doc_rows,2026-05-08,2026-05-07,创业板50,159949.SZ,20.5,22.288755821689964,1.7887558216899642,1.7887558216899642,3.199647389629739
23,doc_rows,2026-05-08,2026-05-07,纳指,513100.SH,20.2,22.700119474313006,2.5001194743130064,2.5001194743130064,6.250597385839144
23,doc_rows,2026-05-08,2026-05-07,日经225,513520.SH,18.9,20.253863134657824,1.353863134657825,1.353863134657825,1.8329453873855117
23,doc_rows,2026-05-08,2026-05-07,中证2000,563300.SH,13.9,14.578910120311384,0.6789101203113841,0.6789101203113841,0.46091895146121803
23,doc_rows,2026-05-08,2026-05-07,中证A500,159338.SZ,11.1,11.499148211243604,0.3991482112436042,0.3991482112436042,0.1593192945389689
23,doc_rows,2026-05-08,2026-05-07,德国,513030.SH,10.1,12.177564487102588,2.0775644871025882,2.0775644871025882,4.3162741980698405
23,doc_rows,2026-05-08,2026-05-07,印度,164824.SZ,5.8,7.849550286181506,2.049550286181506,2.049550286181506,4.200656375586694
23,doc_rows,2026-05-08,2026-05-07,可转债,511380.SH,5.4,7.260750499592938,1.860750499592938,1.860750499592938,3.4623924217353683
23,doc_rows,2026-05-08,2026-05-07,中概互联网,513050.SH,3.6,5.1914893617021285,1.5914893617021284,1.5914893617021284,2.532838388411048
23,doc_rows,2026-05-08,2026-05-07,黄金,518880.SH,2.5,2.1651716671821974,-0.33482833281780255,0.33482833281780255,0.11211001245754916
23,doc_rows,2026-05-08,2026-05-07,豆粕,159985.SZ,0.9,2.995169082125626,2.095169082125626,2.095169082125626,4.389733482695139
23,doc_rows,2026-05-08,2026-05-07,红利低波,512890.SH,-0.9,-1.6694490818030094,-0.7694490818030094,0.7694490818030094,0.5920518894874943
23,doc_rows,2026-05-08,2026-05-07,沙特,520830.SH,-1.3,-1.406926406926412,-0.10692640692641198,0.10692640692641198,0.011433256498192643
23,doc_rows,2026-05-08,2026-05-07,华宝油气,162411.SZ,-12.2,-18.538812785388124,-6.338812785388125,6.338812785388125,40.18054752819996
23,doc_rows,2026-05-07,2026-05-06,科创50,588000.SH,29.1,28.32965415746873,-0.7703458425312704,0.7703458425312704,0.5934327171052128
23,doc_rows,2026-05-07,2026-05-06,创业板50,159949.SZ,18.2,17.163212435233156,-1.0367875647668434,1.0367875647668434,1.0749284544551616
23,doc_rows,2026-05-07,2026-05-06,纳指,513100.SH,17.2,19.429590017825294,2.229590017825295,2.229590017825295,4.971071647586199
23,doc_rows,2026-05-07,2026-05-06,日经225,513520.SH,15.2,15.32567049808431,0.12567049808431108,0.12567049808431108,0.015793074088758834
23,doc_rows,2026-05-07,2026-05-06,中证2000,563300.SH,12.2,10.500695410292082,-1.6993045897079178,1.6993045897079178,2.887636088602395
23,doc_rows,2026-05-07,2026-05-06,中证A500,159338.SZ,10.3,9.712837837837828,-0.5871621621621728,0.5871621621621728,0.34475940467495764
23,doc_rows,2026-05-07,2026-05-06,德国,513030.SH,9.0,10.365488316357109,1.3654883163571085,1.3654883163571085,1.864558342107771
23,doc_rows,2026-05-07,2026-05-06,可转债,511380.SH,5.5,5.527638190954787,0.0276381909547867,0.0276381909547867,0.0007638695992532534
23,doc_rows,2026-05-07,2026-05-06,印度,164824.SZ,4.7,5.848903330625488,1.1489033306254877,1.1489033306254877,1.3199788631223386
23,doc_rows,2026-05-07,2026-05-06,黄金,518880.SH,2.3,1.3980944490472158,-0.901905550952784,0.901905550952784,0.8134336228394449
23,doc_rows,2026-05-07,2026-05-06,豆粕,159985.SZ,1.4,1.1241217798594771,-0.27587822014052277,0.27587822014052277,0.07610879234790274
23,doc_rows,2026-05-07,2026-05-06,中概互联网,513050.SH,0.7,1.1794439764111209,0.4794439764111209,0.4794439764111209,0.22986652651690745
23,doc_rows,2026-05-07,2026-05-06,红利低波,512890.SH,-0.3,-0.83822296730931,-0.53822296730931,0.53822296730931,0.28968396253923856
23,doc_rows,2026-05-07,2026-05-06,沙特,520830.SH,-0.9,-1.4084507042253502,-0.5084507042253502,0.5084507042253502,0.25852211862725455
23,doc_rows,2026-05-07,2026-05-06,华宝油气,162411.SZ,-7.9,-18.21366024518387,-10.31366024518387,10.31366024518387,106.37158765308621
23,doc_rows,2026-05-06,2026-04-30,科创50,588000.SH,21.9,20.729927007299253,-1.1700729927007458,1.1700729927007458,1.3690708082476797
23,doc_rows,2026-05-06,2026-04-30,创业板50,159949.SZ,14.2,13.118971061093255,-1.0810289389067442,1.0810289389067442,1.1686235667538414
23,doc_rows,2026-05-06,2026-04-30,纳指,513100.SH,13.9,14.695550351288066,0.7955503512880657,0.7955503512880657,0.6329003614345647
23,doc_rows,2026-05-06,2026-04-30,日经225,513520.SH,10.1,9.471965160587924,-0.6280348394120754,0.6280348394120754,0.3944277595153513
23,doc_rows,2026-05-06,2026-04-30,中证2000,563300.SH,9.9,8.559498956158663,-1.3405010438413374,1.3405010438413374,1.796943048539715
23,doc_rows,2026-05-06,2026-04-30,中证A500,159338.SZ,8.1,7.763713080168766,-0.3362869198312337,0.3362869198312337,0.1130888924495786
23,doc_rows,2026-05-06,2026-04-30,德国,513030.SH,5.7,5.421331761932824,-0.27866823806717633,0.27866823806717633,0.07765598690746446
23,doc_rows,2026-05-06,2026-04-30,可转债,511380.SH,4.1,3.26565999566506,-0.8343400043349396,0.8343400043349396,0.696123242833627
23,doc_rows,2026-05-06,2026-04-30,印度,164824.SZ,4.1,3.7569944044764325,-0.34300559552356713,0.34300559552356713,0.11765283856047694
23,doc_rows,2026-05-06,2026-04-30,黄金,518880.SH,0.9,1.9380661470402405,1.0380661470402406,1.0380661470402406,1.0775813256309703
23,doc_rows,2026-05-06,2026-04-30,沙特,520830.SH,0.9,0.6543075245365237,-0.24569247546347628,0.24569247546347628,0.06036479249937089
23,doc_rows,2026-05-06,2026-04-30,豆粕,159985.SZ,0.8,1.8850141376060447,1.0850141376060447,1.0850141376060447,1.1772556788049888
23,doc_rows,2026-05-06,2026-04-30,红利低波,512890.SH,0.0,0.4226542688080981,0.4226542688080981,0.4226542688080981,0.17863663094170804
23,doc_rows,2026-05-06,2026-04-30,中概互联网,513050.SH,-1.4,-2.4772914946325386,-1.0772914946325387,1.0772914946325387,1.1605569644076092
23,doc_rows,2026-05-06,2026-04-30,华宝油气,162411.SZ,-7.6,-10.211946050096332,-2.611946050096332,2.611946050096332,6.822262168613831
23,manual_ret20,2026-07-01,2026-06-30,科创50,588000.SH,24.2,22.658294086865503,-1.5417059131344963,1.5417059131344963,2.3768571225938713
23,manual_ret20,2026-07-01,2026-06-30,日经225,513520.SH,13.4,14.565316340464252,1.1653163404642513,1.1653163404642513,1.3579621733529947
23,manual_ret20,2026-07-01,2026-06-30,创业板50,159949.SZ,8.0,6.422018348623859,-1.5779816513761409,1.5779816513761409,2.4900260920797725
23,manual_ret20,2026-07-01,2026-06-30,中证A500,159338.SZ,3.4,2.9096477794793296,-0.4903522205206703,0.4903522205206703,0.24044530016955207
23,manual_ret20,2026-07-01,2026-06-30,印度,164824.SZ,1.7,0.9331259720062324,-0.7668740279937676,0.7668740279937676,0.5880957748113859
23,manual_ret20,2026-07-01,2026-06-30,中证2000,563300.SH,0.9,1.7067003792667457,0.8067003792667456,0.8067003792667456,0.6507655019091113
23,manual_ret20,2026-07-01,2026-06-30,纳指,513100.SH,0.3,-0.8547008547008406,-1.1547008547008406,1.1547008547008406,1.3333340638468518
23,manual_ret20,2026-07-01,2026-06-30,可转债,511380.SH,-1.1,-0.3854940034266008,0.7145059965733993,0.7145059965733993,0.5105188191393465
23,manual_ret20,2026-07-01,2026-06-30,沙特,520830.SH,-2.2,-2.3178807947019875,-0.11788079470198731,0.11788079470198731,0.01389588175957208
23,manual_ret20,2026-07-01,2026-06-30,德国,513030.SH,-3.6,-4.426229508196721,-0.8262295081967213,0.8262295081967213,0.6826552002149958
23,manual_ret20,2026-07-01,2026-06-30,豆粕,159985.SZ,-4.3,-4.013539651837528,0.2864603481624721,0.2864603481624721,0.08205953106936474
23,manual_ret20,2026-07-01,2026-06-30,华宝油气,162411.SZ,-7.0,-4.866743916570105,2.1332560834298953,2.1332560834298953,4.550781517490656
23,manual_ret20,2026-07-01,2026-06-30,红利低波,512890.SH,-8.1,-7.21739130434782,0.8826086956521797,0.8826086956521797,0.7789981096408419
23,manual_ret20,2026-07-01,2026-06-30,黄金,518880.SH,-10.8,-10.347779561262715,0.45222043873728524,0.45222043873728524,0.20450332521174275
23,manual_ret20,2026-07-01,2026-06-30,中概互联网,513050.SH,-14.2,-13.055062166962694,1.1449378330373055,1.1449378330373055,1.3108826415201607
23,manual_ret20,2026-07-01,2026-06-30,科创50,000688.SH,24.2,21.615026577432594,-2.584973422567405,2.584973422567405,6.682087595379842
23,manual_ret20,2026-07-01,2026-06-30,创业板,399006.SZ,8.8,7.339517570202947,-1.4604824297970538,1.4604824297970538,2.133008927745906
23,manual_ret20,2026-07-01,2026-06-30,中证500,000905.SH,7.0,5.865680144602381,-1.134319855397619,1.134319855397619,1.2866815343492755
23,manual_ret20,2026-07-01,2026-06-30,深证100,399330.SZ,3.7,2.2353279419678795,-1.4646720580321206,1.4646720580321206,2.1452642375800477
23,manual_ret20,2026-07-01,2026-06-30,中证1000,000852.SH,3.6,3.0805556888133356,-0.5194443111866645,0.5194443111866645,0.2698223924241883
23,manual_ret20,2026-07-01,2026-06-30,上证50,000016.SH,2.6,1.8635572168970826,-0.7364427831029174,0.7364427831029174,0.5423479727843707
23,manual_ret20,2026-07-01,2026-06-30,沪深300,000300.SH,2.3,1.4518649517029747,-0.8481350482970251,0.8481350482970251,0.7193330601497971
23,manual_ret20,2026-07-01,2026-06-30,中证2000,932000.CSI,-1.9,-1.1207628317582374,0.7792371682417625,0.7792371682417625,0.6072105643694409
23,manual_ret20,2026-07-13,2026-07-10,科创50,588000.SH,25.2,31.253713606654788,6.053713606654789,6.053713606654789,36.64744843139733
23,manual_ret20,2026-07-13,2026-07-10,豆粕,159985.SZ,6.0,7.684580612757408,1.684580612757408,1.684580612757408,2.837811840878124
23,manual_ret20,2026-07-13,2026-07-10,印度,164824.SZ,2.9,3.5087719298245723,0.6087719298245724,0.6087719298245724,0.3706032625423341
23,manual_ret20,2026-07-13,2026-07-10,日经225,513520.SH,2.8,4.973118279569877,2.173118279569877,2.173118279569877,4.722443057000743
23,manual_ret20,2026-07-13,2026-07-10,德国,513030.SH,0.9,2.804808242701773,1.904808242701773,1.904808242701773,3.6282944414646163
23,manual_ret20,2026-07-13,2026-07-10,中证A500,159338.SZ,0.7,3.137570394207545,2.437570394207545,2.437570394207545,5.941749426717125
23,manual_ret20,2026-07-13,2026-07-10,可转债,511380.SH,-0.6,0.303819444444442,0.903819444444442,0.903819444444442,0.8168895881558597
23,manual_ret20,2026-07-13,2026-07-10,沙特,520830.SH,-1.6,-0.895856662933936,0.7041433370660641,0.7041433370660641,0.4958178391345328
23,manual_ret20,2026-07-13,2026-07-10,中证2000,563300.SH,-1.7,0.06618133686300265,1.7661813368630026,1.7661813368630026,3.1193965146831832
23,manual_ret20,2026-07-13,2026-07-10,纳指,513100.SH,-1.8,2.838221381267747,4.638221381267747,4.638221381267747,21.513097581649287
23,manual_ret20,2026-07-13,2026-07-10,中概互联网,513050.SH,-2.3,-0.45578851412942933,1.8442114858705705,1.8442114858705705,3.4011160046169375
23,manual_ret20,2026-07-13,2026-07-10,华宝油气,162411.SZ,-4.6,-7.9956188389923355,-3.395618838992336,3.395618838992336,11.530227299719659
23,manual_ret20,2026-07-13,2026-07-10,红利低波,512890.SH,-4.8,-4.463519313304721,0.3364806866952792,0.3364806866952792,0.11321925251892664
23,manual_ret20,2026-07-13,2026-07-10,创业板50,159949.SZ,-4.9,-1.403887688984884,3.4961123110151164,3.4961123110151164,12.222801291231459
23,manual_ret20,2026-07-13,2026-07-10,黄金,518880.SH,-5.5,-4.601809449346572,0.8981905506534282,0.8981905506534282,0.8067462652831087
23,manual_ret20,2026-07-13,2026-07-10,科创50,000688.SH,25.2,29.338519451073243,4.138519451073243,4.138519451073243,17.12734324691158
23,manual_ret20,2026-07-13,2026-07-10,中证500,000905.SH,4.9,6.7875104383150475,1.8875104383150472,1.8875104383150472,3.5626956547482616
23,manual_ret20,2026-07-13,2026-07-10,上证50,000016.SH,3.6,4.6198066555516615,1.0198066555516614,1.0198066555516614,1.040005614707465
23,manual_ret20,2026-07-13,2026-07-10,沪深300,000300.SH,-0.3,1.4245890649264625,1.7245890649264626,1.7245890649264626,2.9742074428639307
23,manual_ret20,2026-07-13,2026-07-10,中证1000,000852.SH,-0.7,1.4484127475170805,2.1484127475170807,2.1484127475170807,4.615677333693891
23,manual_ret20,2026-07-13,2026-07-10,创业板,399006.SZ,-2.5,0.8116921446354564,3.3116921446354564,3.3116921446354564,10.967304860840189
23,manual_ret20,2026-07-13,2026-07-10,中证2000,932000.CSI,-2.9,-2.435978072620293,0.46402192737970704,0.46402192737970704,0.21531634908917813
23,manual_ret20,2026-07-13,2026-07-10,深证100,399330.SZ,-3.2,-0.8961992402793606,2.3038007597206396,2.3038007597206396,5.307497940489396
23,manual_user_0715_ret20,2026-07-15,2026-07-14,科创50,588000.SH,19.3,19.55275229357798,0.2527522935779807,0.2527522935779807,0.06388372190892973
23,manual_user_0715_ret20,2026-07-15,2026-07-14,华宝油气,162411.SZ,2.4,2.9137529137529095,0.5137529137529095,0.5137529137529095,0.2639420563896045
23,manual_user_0715_ret20,2026-07-15,2026-07-14,印度,164824.SZ,1.3,1.2598425196850505,-0.04015748031494959,0.04015748031494959,0.0016126232252455638
23,manual_user_0715_ret20,2026-07-15,2026-07-14,中证A500,159338.SZ,-0.1,0.797448165869219,0.8974481658692189,0.8974481658692189,0.8054132104220251
23,manual_user_0715_ret20,2026-07-15,2026-07-14,日经225,513520.SH,-0.6,1.7333333333333423,2.3333333333333424,2.3333333333333424,5.444444444444486
